athlete_country,year_of_event,total_finishers
FRA,2018,96858
FRA,2019,90953
USA,2018,90615
FRA,2022,86164
USA,2019,82915
FRA,2016,74286
USA,2016,71837
FRA,2017,70953
USA,2022,69043
USA,2021,65511
USA,2017,63212
FRA,2021,54604
JPN,2018,52135
FRA,2015,50659
FRA,2014,48406
JPN,2016,45879
USA,2014,45384
RSA,2018,45157
USA,2015,44749
FRA,2013,44491
USA,2013,43391
CHN,2019,42877
CHN,2018,42516
USA,2012,39822
FRA,2012,39773
JPN,2019,37670
GBR,2018,36802
GBR,2019,36019
FRA,2011,32926
USA,2011,31844
JPN,2017,31496
JPN,2022,30275
USA,2020,30069
CHN,2020,28964
GBR,2017,28320
USA,2010,27779
GBR,2016,27278
ITA,2018,26927
CHN,2017,26687
JPN,2015,26128
FRA,2010,25888
JPN,2014,25595
ESP,2019,25186
ESP,2018,24969
GBR,2022,24471
RSA,2017,23871
GBR,2021,23217
RSA,2019,22836
FRA,2009,22587
ESP,2016,22254
USA,2009,22163
RSA,2016,21902
JPN,2013,21706
ESP,2017,20795
ITA,2019,20516
FRA,2020,20315
ITA,2016,19837
GER,2018,19666
ITA,2017,17987
FRA,2008,17896
RSA,2000,17863
USA,2008,17670
CHN,2016,17198
JPN,2012,17116
ITA,2022,16736
GBR,2015,16400
POL,2019,16364
USA,2007,16205
CHN,2021,16172
FRA,2007,16029
RSA,1996,15817
POL,2018,15702
ESP,2014,15541
GER,2016,15110
GER,2019,15019
ESP,2015,14894
ITA,2021,14493
TPE,2016,14123
GER,2017,13965
FRA,2006,13336
GER,2022,13237
TPE,2018,12867
USA,2006,12741
RSA,1997,12306
GBR,2014,11981
HKG,2018,11926
ITA,2015,11783
JPN,2009,11488
ESP,2013,11404
USA,2005,11385
AUS,2018,11336
ITA,2014,11307
JPN,2010,11118
TPE,2019,11117
JPN,2011,11109
TPE,2015,11077
AUS,2022,10750
POL,2022,10548
RSA,2010,10501
JPN,2021,10380
FRA,2004,10311
POL,2021,10278
FRA,2003,10204
USA,2004,10172
FRA,2005,10060
TPE,2017,10022
AUS,2019,9988
ITA,2013,9740
GBR,2013,9735
USA,2003,9662
POL,2017,9631
CAN,2018,9557
GBR,2020,9400
TPE,2020,9229
THA,2020,9116
CAN,2019,8868
GER,2021,8829
ITA,2012,8813
GER,2013,8776
ESP,2012,8738
USA,1999,8716
USA,2002,8714
GER,2014,8505
RSA,2015,8432
POL,2016,8403
AUS,2021,8332
GER,2015,8293
USA,1996,8284
ESP,2021,8121
USA,2001,8073
RSA,2012,8067
USA,2000,8007
THA,2019,8000
POL,2020,7936
MAS,2019,7880
GER,2012,7858
RSA,2011,7841
THA,2022,7827
GBR,2012,7802
GER,2011,7778
FRA,2002,7655
CAN,2022,7648
GER,2009,7573
USA,1997,7504
RSA,2014,7481
USA,1998,7429
CHN,2015,7282
RSA,2001,7216
AUS,2016,7188
HKG,2016,7166
RSA,2013,7123
RSA,2004,7036
CAN,2016,7014
PHI,2018,6994
RSA,1998,6968
BEL,2018,6836
RSA,1999,6803
HKG,2017,6730
CAN,2017,6607
ESP,2011,6430
RSA,2003,6335
BEL,2019,6332
MAS,2018,6323
CHN,2022,6320
ITA,2011,6291
TPE,2013,6291
HKG,2019,6288
GER,2010,6267
TPE,2022,6209
SWE,2018,6167
AUS,2017,6162
JPN,2007,6120
TPE,2014,6076
KOR,2018,6034
BEL,2022,6011
TPE,2021,6004
ESP,2022,5975
JPN,2020,5818
PHI,2019,5805
GBR,2011,5802
JPN,2008,5783
SWE,2019,5711
SUI,2018,5697
POR,2018,5679
GER,1996,5507
POR,2016,5427
TPE,2012,5383
GER,2006,5379
PHI,2015,5348
RUS,2021,5250
GER,2005,5187
FRA,2000,5108
GER,2008,5085
GER,2020,5041
FRA,2001,5039
AUS,2020,5011
AUS,2014,4997
RSA,2002,4953
POR,2017,4925
RSA,2005,4923
RUS,2018,4873
GER,2007,4872
ARG,2018,4864
RUS,2019,4834
RSA,2009,4783
BEL,2017,4776
SUI,2019,4765
JPN,2006,4745
BEL,2016,4707
SWE,2022,4693
AUS,2015,4681
PHI,2014,4679
FRA,1999,4640
KOR,2019,4605
FRA,1998,4528
PHI,2017,4518
MAS,2017,4503
GBR,2010,4465
ESP,2010,4428
KOR,2016,4401
GER,2004,4342
BEL,2021,4327
ARG,2019,4325
CAN,2021,4321
CHN,2014,4302
CAN,2014,4288
RSA,2006,4280
HKG,2014,4264
CAN,2015,4238
RSA,2007,4224
CZE,2018,4220
SUI,2017,4219
BRA,2018,4213
MEX,2018,4167
AUS,2013,4140
ARG,2017,4134
THA,2018,4106
SUI,2022,4101
PHI,2016,4093
ITA,2010,4067
NED,2019,4046
POL,2015,4007
HUN,2018,4002
MAS,2016,3995
PHI,2013,3906
GER,2002,3860
FRA,1996,3855
GER,2003,3805
HKG,2015,3789
SWE,2016,3745
SUI,2016,3731
SWE,2021,3723
RSA,2008,3723
ITA,2009,3715
NED,2018,3696
POR,2019,3684
NED,2022,3503
MEX,2019,3465
ARG,2016,3422
KOR,2017,3398
SWE,2017,3366
HUN,2019,3356
KOR,2007,3342
THA,2017,3329
JPN,2003,3326
ESP,2020,3324
GER,2001,3316
GER,1997,3264
ITA,2008,3252
BEL,2015,3236
NED,2017,3221
GER,2000,3218
SUI,2021,3209
CAN,2013,3209
NZL,2019,3197
ITA,2020,3190
JPN,2005,3172
GER,1998,3159
AUT,2018,3136
POL,2014,3120
THA,2021,3117
MEX,2017,3116
NED,2016,3112
AUS,2012,3082
KOR,2006,3058
BRA,2019,3034
IND,2018,3012
IND,2019,2999
GER,1999,2989
JPN,2004,2961
KOR,2008,2944
CZE,2019,2933
BEL,2014,2930
SWE,2014,2920
RUS,2020,2912
NOR,2018,2907
GBR,2009,2879
RUS,2017,2876
BEL,2013,2854
NZL,2018,2854
CAN,2012,2851
MEX,2016,2823
FIN,2019,2808
FRA,1997,2779
CZE,2016,2764
BRA,2017,2726
SWE,2015,2673
NOR,2019,2672
KOR,2014,2671
AUS,2011,2667
ESP,2009,2664
PHI,2012,2654
POR,2015,2603
KOR,2009,2571
KOR,2022,2565
AUT,2019,2539
FIN,2018,2421
ARG,2021,2415
CZE,2017,2414
GRE,2018,2359
TPE,2010,2322
NED,2015,2306
HUN,2022,2295
AUT,2016,2276
AUS,2010,2276
BEL,2012,2273
NOR,2016,2269
NZL,2020,2250
DEN,2018,2233
ITA,2007,2222
ARG,2015,2221
FIN,2021,2208
POL,2013,2199
SUI,2015,2182
NZL,2016,2173
FIN,2022,2170
SUI,2014,2151
AUT,2017,2121
NZL,2021,2117
GBR,2008,2110
JPN,2001,2109
ITA,2004,2108
CAN,2010,2095
BRA,2016,2093
SUI,2013,2088
KOR,2010,2070
CAN,2011,2064
MAS,2022,2061
KOR,2015,2029
KOR,2011,1996
KOR,2013,1993
AUT,2022,1971
POR,2014,1967
DEN,2019,1961
KOR,2012,1957
KOR,2005,1955
NED,2014,1941
DEN,2017,1936
DEN,2016,1929
NOR,2017,1879
IRL,2018,1878
SUI,2012,1865
SVK,2018,1860
CZE,2022,1860
JPN,2002,1835
SWE,2013,1833
BRA,2015,1832
NOR,2022,1826
MAS,2015,1822
RUS,2016,1814
GRE,2019,1805
HUN,2016,1802
NED,2013,1796
HUN,2017,1795
MAS,2020,1790
HUN,2020,1784
NED,2021,1782
IRL,2019,1754
NZL,2017,1723
ITA,1997,1710
NOR,2021,1710
POR,2021,1705
GRE,2016,1704
THA,2016,1701
NZL,2022,1690
SVK,2019,1688
HUN,2021,1682
RSA,2021,1675
TUR,2019,1674
GRE,2017,1664
ARG,2014,1656
AUT,2021,1653
AUS,2009,1637
SUI,2011,1635
SUI,2020,1624
POR,2022,1621
FIN,2017,1620
ESP,2008,1610
BEL,2011,1577
ROU,2019,1577
SWE,2020,1577
TUR,2018,1576
CAN,2009,1575
IRL,2016,1571
IRL,2022,1570
ARG,2022,1558
BUL,2018,1553
GBR,2007,1545
ITA,2006,1521
RSA,2020,1518
SGP,2018,1518
GRE,2022,1517
HKG,2013,1514
CZE,2021,1511
SUI,1996,1507
ITA,1996,1504
DEN,2015,1468
JPN,1999,1468
MEX,2015,1465
DEN,2014,1460
IND,2017,1440
NZL,2015,1434
TPE,2011,1397
ROU,2018,1395
AUT,2015,1394
GRE,2021,1390
GBR,2006,1379
KOR,2021,1367
SUI,2009,1350
BRA,2014,1344
CAN,2008,1342
SVK,2016,1341
FIN,2016,1332
NOR,2015,1327
ITA,2003,1317
IRL,2017,1309
BEL,2009,1299
TPE,2008,1296
AUS,2008,1287
HKG,2020,1286
SLO,2019,1273
IRL,2021,1271
CAN,2007,1267
AUT,2014,1251
NED,2012,1239
UKR,2019,1236
ITA,2005,1233
ARG,2013,1215
PHI,2011,1208
CZE,2014,1202
SUI,2010,1201
ROU,2022,1197
GBR,2005,1193
ITA,2002,1179
ITA,2001,1173
VIE,2022,1173
SGP,2019,1150
UKR,2018,1149
BEL,2010,1147
MAS,2014,1142
BRA,2013,1137
CHN,2013,1129
BUL,2019,1128
CZE,2015,1125
CAN,2005,1113
HUN,2009,1106
HUN,2013,1101
DEN,2022,1097
CAN,2020,1090
ITA,1998,1090
DEN,2021,1085
HUN,2012,1084
SGP,2016,1084
AUT,2012,1083
CAN,2004,1073
HUN,2014,1072
NZL,2014,1070
MEX,2014,1069
BEL,2020,1066
TUR,2021,1065
TUR,2017,1062
AUT,2013,1061
SWE,2012,1058
NED,2011,1057
NOR,2014,1057
PHI,2022,1056
GBR,2004,1050
HUN,2008,1049
GRE,2020,1045
SGP,2017,1044
UKR,2021,1044
AUS,2007,1039
JPN,2000,1038
NED,2009,1026
IRL,2015,1021
HUN,2015,1020
CHI,2018,1019
AUS,2006,1010
HUN,2011,1002
SVK,2017,1000
BUL,2021,993
NOR,2020,986
HUN,2010,981
ITA,2000,974
ITA,1999,972
CAN,2006,970
CZE,2020,965
ESP,2005,963
POL,2012,959
AUS,1996,954
ESP,2006,952
GRE,2013,941
AUS,2005,936
CRO,2018,929
IRL,2014,928
TPE,2009,926
RUS,2015,919
INA,2019,906
ESP,2001,905
IND,2016,895
ROU,2021,892
ESP,2004,883
CAN,2003,877
GBR,2003,875
TUR,2016,870
KOR,2004,869
DEN,2013,863
CHI,2019,859
PHI,2020,855
SLO,2018,854
SLO,2022,854
IND,2021,854
SVK,2021,850
SUI,2008,844
BUL,2017,842
NED,2020,833
ISR,2019,826
IND,2022,822
BUL,2022,816
GRE,2015,808
VIE,2020,805
CAN,2002,805
SUI,1997,794
CAN,2001,790
IRL,2013,787
AUT,2011,785
RUS,2014,784
FIN,2015,783
ESP,2003,779
INA,2018,773
ESP,2007,770
CAN,1999,762
SGP,2013,754
SUI,2000,751
CHI,2016,748
SUI,2006,748
VIE,2019,748
BUL,2016,744
ARG,2011,741
SGP,2014,739
CAN,2000,737
SLO,2021,736
CRO,2019,733
AUT,2010,729
NZL,2013,728
DEN,2020,727
CHI,2017,722
TPE,2007,715
SUI,2007,715
THA,2015,708
NED,2010,707
ARG,2012,702
ROU,2017,698
GRE,2012,695
AUS,1997,693
KOR,2003,691
SGP,2015,691
CRO,2022,689
NZL,2012,688
UKR,2020,687
PHI,2010,683
IRL,2020,670
GBR,1998,663
POR,2020,663
SUI,1998,659
SWE,2011,654
SUI,2004,653
TPE,2006,649
CHN,2012,648
SLO,2016,648
ESP,2002,647
CZE,2013,647
SUI,2003,645
AUT,2020,644
SVK,2022,639
CAN,1998,636
IRL,2012,627
GBR,1996,626
BRA,2012,626
TPE,2005,626
RSA,2022,624
ISL,2021,622
GBR,2000,621
FIN,2014,618
AUS,2004,617
ISR,2016,616
NED,2008,615
GRE,2014,615
IND,2020,614
COL,2018,614
CHI,2015,613
SWE,2009,608
CAN,1996,607
SWE,2008,603
HKG,2022,602
POR,2013,600
SUI,2002,599
INA,2017,598
BRA,2020,597
SRB,2018,596
ISR,2018,595
SVK,2020,595
CAN,1997,590
SVK,2014,589
BEL,2008,583
NOR,2013,578
COL,2016,577
MEX,2013,576
GBR,1999,574
AUS,1999,571
MEX,2020,571
CHI,2014,570
GRE,2011,569
LAT,2018,568
ROU,2016,568
SWE,2010,567
CRO,2017,566
SUI,2005,565
SUI,2001,565
NED,2007,562
BRA,2011,560
CHN,2011,558
SRB,2019,558
AUS,1998,558
BRA,2009,554
NZL,2011,554
ISR,2015,553
FIN,2020,551
MEX,2011,547
HKG,2012,543
GBR,2002,542
GBR,2001,541
LAT,2019,538
BEL,2007,536
AUS,2003,535
BRA,2010,534
NED,2004,532
BUL,2020,528
SLO,2017,528
COL,2017,527
ARG,2020,523
POR,2012,522
GBR,1997,522
SUI,1999,521
SVK,2015,520
POL,2011,516
NOR,2012,511
CZE,2012,508
BRU,2019,506
COL,2015,503
SLO,2015,503
AUS,2002,502
SGP,2012,501
AUS,2001,500
TUR,2022,495
BEL,2006,495
CRC,2016,493
NED,2003,492
NED,2005,491
ZIM,2018,487
ECU,2019,482
UKR,2017,482
CZE,2011,477
LAT,2016,475
ISL,2022,473
GUA,2018,470
COL,2019,467
NZL,2010,463
ISL,2020,462
ROU,2020,461
ISL,2019,459
SRB,2021,459
ISR,2017,456
IRL,2011,454
CHN,2010,453
CRO,2016,452
AUT,2009,452
KOR,2020,450
BEL,2004,449
LAT,2021,447
VIE,2018,447
TPE,2003,446
BEL,2005,443
CRC,2019,440
MAS,2021,439
ISR,2014,436
BRU,2018,435
AUS,2000,435
BEL,2002,432
SGP,2011,432
MEX,2008,431
PER,2018,431
LAT,2017,431
SVK,2013,429
ECU,2018,428
BEL,1996,427
LAT,2020,424
MAD,2018,422
CRC,2018,417
CRC,2017,410
DEN,2012,401
IRL,2010,400
NED,2006,398
MAS,2013,395
VEN,2016,394
AUT,2008,394
BRA,2008,393
POL,2010,393
JPN,1998,390
ZIM,2019,386
ISL,2018,382
GUA,2017,376
LAT,2014,376
BEL,2000,368
CHI,2013,367
TUR,2015,366
NZL,2009,365
IND,2015,363
LTU,2019,362
DEN,2011,362
LAT,2022,361
CRO,2021,358
LAT,2015,354
PER,2019,354
INA,2020,353
INA,2022,353
FIN,2013,351
BUL,2015,348
POL,2009,347
BEL,2003,345
COL,2014,345
LTU,2021,343
MEX,2009,343
MEX,2012,340
INA,2016,339
FIN,2010,337
RUS,2013,335
SRB,2015,335
GRE,2010,333
SRB,2017,332
NOR,2010,325
BRA,2022,322
KOR,2002,321
LTU,2018,316
AUT,2007,314
ROU,2015,313
LTU,2020,310
LTU,2022,307
MAS,2012,306
SRB,2016,305
MRI,2018,305
MEX,2010,305
AUT,2004,304
NOR,2009,303
BRU,2017,303
SGP,2009,303
HUN,2007,302
CRO,2015,301
RUS,2011,301
GRE,2009,299
GUA,2016,299
CRO,2014,296
PER,2016,295
FIN,2012,294
NZL,2008,292
IND,2014,291
NED,2002,290
AUT,2006,289
DEN,2010,288
ARG,2010,287
PER,2017,287
SLO,2014,284
RUS,2022,284
RUS,2012,283
NED,1997,283
AUT,2005,282
NED,1999,282
ECU,2013,279
ECU,2017,279
PER,2015,279
UKR,2016,276
RUS,2003,276
LUX,2016,275
IND,2013,274
RUS,2001,272
GUA,2019,271
SGP,2022,269
LUX,2018,269
ECU,2016,266
SRB,2022,264
TUR,2014,263
ESP,1999,262
NED,1996,262
MAD,2016,260
NZL,2006,260
VEN,2017,256
BEL,2001,255
CRC,2015,254
NZL,2000,254
FIN,2011,253
VEN,2019,252
ISL,2016,252
NED,2001,252
SGP,2010,250
ESP,2000,250
NED,2000,249
ZIM,2017,248
HKG,2011,247
MAS,2011,246
SLO,2010,243
NZL,2004,240
CRO,2020,240
VEN,2018,239
POL,2008,237
VEN,2015,235
NEP,2018,235
VEN,2014,234
SVK,2012,232
ISL,2017,231
ROU,2011,230
DEN,2009,230
INA,2021,228
BRA,2002,228
ISR,2013,228
EST,2020,227
NZL,2007,224
DEN,2008,224
POL,2007,219
FIN,2009,218
NED,1998,218
NOR,2011,218
AUT,2002,218
LAT,2013,217
NZL,2002,217
BEL,1997,217
NZL,2005,212
AUT,2003,211
NZL,2003,210
SLO,2001,210
RUS,2007,209
EST,2022,206
NZL,2001,205
POR,2011,201
MAD,2014,201
SLO,2013,201
AUT,1996,201
AUT,2001,201
DEN,2006,201
IRL,2009,200
IND,2012,200
UKR,2012,200
PHI,2021,199
LAT,2012,198
SWE,2007,197
SRB,2013,196
BRA,2021,195
BEL,1999,195
SGP,2008,195
KAZ,2019,194
NEP,2019,192
CZE,2010,191
CZE,2009,191
INA,2015,191
ISL,2011,191
GRE,2007,191
BRA,2006,191
LUX,2017,190
SLO,2011,190
UKR,2015,189
CRO,2013,189
BEL,1998,189
ROU,2014,189
LUX,2019,187
GRE,2008,184
BIH,2018,183
MAD,2019,182
POL,1996,181
POL,2006,181
ZIM,2016,181
HKG,2021,180
BUL,2014,179
MRI,2019,178
POR,2008,177
URU,2019,177
POR,2010,175
HUN,2006,175
ISL,2009,175
BRA,2007,173
TUN,2021,172
MRI,2016,172
CHI,2010,171
URU,2017,171
POR,2009,171
MAC,2018,169
TUR,2013,169
SVK,2011,169
MAC,2019,168
MAD,2017,168
CHI,2021,166
DEN,2007,166
SLO,2003,164
ESP,1998,162
ISR,2012,161
PAR,2018,160
RUS,2002,160
UKR,2022,160
AND,2017,160
ESP,1997,159
POL,2001,159
CHN,2009,159
ARG,2007,159
URU,2018,158
MEX,2022,158
SRB,2012,158
FIN,2008,156
KAZ,2018,156
HUN,1996,156
HUN,2001,155
NOR,2008,155
LUX,2012,155
TUN,2022,155
URU,2016,154
BIH,2019,153
ECU,2014,153
SGP,2020,152
CZE,2001,152
TPE,2004,150
MAR,2019,150
EST,2019,149
NAM,2018,149
JPN,1996,149
RUS,2009,148
SRB,2020,148
VIE,2017,147
ARG,2008,147
ISL,2015,147
RUS,2000,147
AUT,1997,145
LTU,2017,145
NOR,2007,145
EST,2021,143
SRB,2014,142
LTU,2016,142
ISR,2010,142
AND,2013,140
BUL,2013,140
UKR,2014,140
ISL,2014,139
RUS,2008,139
POL,2005,139
ZIM,1996,138
ISR,2011,138
LUX,2013,138
PER,2014,138
CHI,2009,137
AND,2014,137
BLR,2019,136
BLR,2018,136
TUR,2012,136
TUN,2020,136
BRU,2016,136
POL,1997,136
POL,2004,135
COL,2013,135
URU,2013,135
MAR,2016,134
RUS,2006,134
ISL,2012,133
LUX,2014,133
SLO,2012,133
JPN,1997,133
MEX,2021,133
GUA,2012,132
AND,2019,132
LUX,2021,132
SWE,2004,130
RUS,1996,130
AUT,1999,130
LUX,2022,130
IRL,2007,129
MAR,2017,128
SWE,2005,128
AND,2016,128
ISL,2010,127
ISR,2022,127
SWZ,2018,127
SWE,2003,126
RUS,2010,126
UKR,2010,126
ISR,2020,125
XXX,2018,124
IRL,2008,124
TUR,2020,124
MEX,2000,124
URU,2015,124
UKR,2013,124
DOM,2019,123
AUT,2000,123
MAS,2010,122
NEP,2017,122
LAT,2011,121
AND,2012,121
IND,2011,120
AND,2018,120
MAR,2018,120
BIH,2021,120
LUX,2015,120
ARG,2009,119
POR,2007,119
MGL,2018,119
CHI,2022,119
POL,1998,118
ESA,2018,118
OMA,2019,118
INA,2014,118
AUT,1998,118
PAR,2019,118
NEP,2016,117
ISL,2013,117
PER,2013,117
KOS,2019,116
CZE,2008,115
FIN,2003,114
BOL,2018,113
SLO,2002,112
URU,2022,111
CHI,2012,111
THA,2014,111
SLO,2007,111
ECU,2015,110
LUX,2011,109
EST,2018,109
LUX,2010,109
UKR,2009,108
SWE,2006,107
HUN,2005,107
LES,2018,107
SVK,2010,107
ESP,1996,106
RUS,1997,106
NEP,2014,106
HUN,1997,105
POL,2003,105
MAC,2017,104
RUS,2005,104
ESA,2019,103
MAR,2022,102
HUN,2000,101
CZE,2007,101
MKD,2019,100
LUX,2009,100
ISL,2008,100
IRL,2006,100
KAZ,2017,99
MAC,2021,99
ISL,2007,99
TUN,2019,98
FIN,2007,98
AND,2015,98
VIE,2021,97
OMA,2022,97
POL,2002,96
NZL,1999,96
RUS,2004,96
SWE,2002,96
EST,2016,95
RUS,1999,95
DEN,2002,94
ZIM,2010,94
ISR,2008,94
NAM,2019,94
BOT,2018,93
DEN,2005,93
POL,2000,92
SLO,2009,92
ZIM,1997,91
NEP,2015,90
SWZ,2019,89
BOL,2017,89
MLT,2022,88
NZL,1998,88
SLO,2004,88
IRI,2019,88
POL,1999,87
MLT,2018,87
ROU,2013,87
BIH,2017,87
MRI,2017,86
ZIM,2000,86
DEN,2003,86
LTU,2015,86
EST,2017,86
DEN,2001,85
ZIM,2011,85
NOR,2005,84
BOT,2019,84
HKG,2009,84
ZIM,2013,83
MDA,2019,83
MKD,2022,83
HKG,2008,83
PER,2022,83
XXX,2019,82
FIN,1996,82
LUX,2004,81
CHI,2020,81
ISR,2009,81
SLO,2008,80
BUL,2012,80
HUN,2002,80
TUR,2011,80
CZE,2002,79
IND,2010,79
SWZ,2017,79
SLO,2006,79
SWE,1996,78
SWE,2001,78
CZE,1997,78
LUX,2005,77
MAR,2015,77
BLR,2017,77
GUA,2015,77
LAT,2010,76
MAC,2020,76
HUN,1998,76
IRI,2018,76
IRL,2005,75
SWE,1998,75
ISR,2021,75
NZL,1997,75
CZE,2005,75
SWE,2000,75
VIE,2016,75
TUN,2018,74
MKD,2017,74
LTU,2011,74
IND,2009,74
VEN,2021,74
LUX,2006,74
LUX,2008,74
IND,2008,73
RUS,1998,73
CHI,2011,73
SVK,2009,73
SWE,1997,73
MAR,2021,72
MLT,2021,72
HKG,2010,72
BIH,2022,72
MAD,2013,72
DEN,2004,71
KEN,2018,71
HKG,2007,71
BLR,2016,71
NAM,2017,71
MEX,2007,71
CZE,1996,71
CRO,2012,70
MEX,1999,70
CRO,2011,70
LTU,2010,70
CYP,2018,70
PAR,2017,69
ALG,2018,69
CRC,2014,69
ISL,1999,69
SLO,2005,68
ARG,2006,68
BIH,2016,68
OMA,2021,68
QAT,2019,68
IRL,2004,67
FIN,2006,67
AND,2022,67
PAR,2016,67
SLO,2020,66
PHI,2009,66
ALG,2019,66
BRU,2020,66
EST,2014,66
ZAM,2018,66
MEX,2006,66
KEN,2019,65
BLR,2015,65
KEN,2016,65
BLR,2014,65
NEP,2011,65
CHN,2008,65
CZE,2000,65
SVK,2008,65
ROU,2012,64
BLR,2021,64
MAD,2010,64
MKD,2020,64
LTU,2014,64
ZIM,2015,64
HUN,2003,64
HUN,2004,64
ZIM,1999,63
ZIM,2012,63
MLT,2019,63
ARG,2005,63
INA,2013,63
MEX,2001,63
JOR,2014,63
CRC,2012,63
XXX,2016,63
LUX,2003,63
HKG,2005,63
ALG,2016,63
ZIM,1998,62
AND,2021,62
LUX,2007,62
MKD,2018,62
CHN,2004,61
IND,2007,61
CHN,2005,60
NAM,2016,60
DOM,2018,60
LES,2019,59
ZIM,2014,59
ALG,2011,59
SVK,2003,58
UKR,2003,58
NEP,2013,58
KOS,2022,58
XXX,2017,58
CZE,2006,58
COL,2022,57
ZIM,2001,57
ECU,2022,57
UKR,2011,57
MEX,2004,57
MAC,2016,57
LAT,2008,57
CZE,2004,56
MKD,2015,56
FIN,2004,56
SVK,2002,56
THA,2013,56
ISL,2001,55
VEN,2022,55
CRO,2010,55
EST,2015,54
GUA,2010,54
LTU,2013,54
QAT,2020,54
SVK,1996,54
COL,2021,54
MAD,2011,53
POR,2003,53
CRC,2013,53
PER,2021,52
NCA,2016,51
NOR,1997,51
ISL,1998,51
IRI,2021,51
PER,2012,51
DOM,2016,51
DEN,2000,51
AND,2011,51
MAR,2013,51
LES,2016,51
MAD,2015,50
HUN,1999,50
MDA,2022,50
LES,2017,50
MDA,2018,49
NEP,2010,49
DOM,2017,49
BOL,2016,49
SMR,2022,49
SLO,1996,49
BLR,2013,49
KEN,2011,49
JOR,2018,49
BIH,2015,49
ALG,2022,49
ISL,2006,49
ZAM,2019,48
BLR,2011,48
SVK,1999,48
ISL,1997,48
SVK,1997,48
NEP,2022,48
ISL,2002,47
EST,2013,47
VEN,2013,47
SVK,2007,47
CZE,1999,47
CRC,2022,47
MKD,2016,47
ZIM,2004,47
ISL,2000,47
ECU,2020,46
EST,2011,46
NEP,2021,46
ISL,2005,46
BLR,1997,46
BLR,2003,46
BLR,2000,46
SWZ,2016,45
KSA,2022,45
GUA,2020,45
KOS,2021,45
CYP,2016,44
MRI,2022,44
GUA,2009,44
ZIM,2005,44
MEX,2005,44
SVK,2001,44
URU,2014,44
TPE,2000,44
ALG,2013,44
CYP,2022,44
FIN,1997,43
HKG,2006,43
NAM,2010,43
NEP,2012,43
CZE,2003,43
LAT,2009,43
CRC,2020,42
CHN,2003,42
MGL,2012,42
BOT,2017,42
MKD,2014,42
MLT,2016,42
MDA,2017,42
FIN,2005,42
TPE,2001,41
XXX,2015,41
SWE,1999,41
BLR,1998,41
MGL,2019,41
ISL,2003,40
KAZ,2021,40
UKR,1997,40
SVK,2000,40
KEN,2012,40
CRO,2004,40
NAM,2000,39
BIH,2020,39
MAS,2008,39
LES,2010,39
KEN,2014,39
MDA,2021,39
IRL,1997,38
NAM,2011,38
ZAM,2017,38
BLR,1996,38
ALG,2014,38
MAW,2018,38
BLR,2001,38
MEX,1997,38
XXX,2014,38
ESA,2016,38
NAM,1996,38
NAM,1998,38
IRL,2003,37
CZE,1998,37
NOR,2006,37
NOR,2004,37
LAT,2003,37
LTU,2009,37
LES,2012,37
MAC,2022,37
URU,2010,36
GRE,2005,36
IRI,2017,36
UKR,2001,36
NOR,2001,36
MRI,2020,36
LTU,2012,35
DEN,1999,35
MAR,2012,35
ALG,2008,35
SMR,2017,35
CYP,2019,35
XXX,2013,35
CYP,2017,35
ZIM,2002,35
CRO,2008,35
MLT,2020,35
KEN,2013,35
ZIM,2009,35
MRI,2021,34
MAW,2019,34
IRL,2000,34
NZL,1996,34
BLR,1999,34
CYP,2021,34
GUA,2008,34
BOL,2019,34
MAR,2014,34
LUX,2002,34
PAR,2015,33
URU,2007,33
ECU,2021,33
ALB,2019,33
CHN,2007,33
AND,2010,33
FIN,1998,33
MRI,2014,33
ZIM,2003,33
KSA,2020,33
NAM,2014,33
SMR,2019,33
CYP,2015,33
BRA,2003,33
ALG,2017,33
UKR,2007,32
JOR,2017,32
CRO,2007,32
CRO,2001,32
NAM,2015,32
GUA,2022,32
BLR,2012,32
KOR,2001,32
KOS,2018,32
POR,2006,32
KEN,2017,31
TUN,2017,31
JOR,2019,31
UAE,2018,31
BLR,2007,31
MGL,2014,31
ZIM,2006,31
CRO,2002,31
MNE,2022,31
XXX,2020,30
MRI,2015,30
FIN,2001,30
SMR,2018,30
ALG,2015,30
UAE,2017,30
ECU,2010,30
IRI,2022,30
PAR,2022,30
DEN,1998,30
CHN,2006,30
ESA,2017,30
ESA,2021,30
MEX,2003,30
MRI,2011,29
SMR,2021,29
MKD,2021,29
CAM,2019,29
NOR,1998,29
BLR,2002,29
BRA,1999,29
URU,2011,29
XXX,2012,29
AND,2009,29
XXX,2021,29
PUR,2017,28
LES,2013,28
GRE,2006,28
BOL,2020,28
KOR,2000,28
BRU,2022,28
DEN,1997,28
SMR,2016,28
CRC,2008,28
NOR,2003,28
IRL,2001,28
NGR,2018,28
UKR,1996,28
FIN,2002,27
KAZ,2016,27
IRI,2016,27
EST,2010,27
LBN,2019,27
MLT,2017,27
MKD,2013,27
NEP,2009,27
SVK,2004,27
NEP,2020,27
KEN,2015,27
UKR,2005,27
JOR,2015,27
ALG,2021,27
BIH,2014,27
MAS,2009,27
MAR,2010,27
CHN,2002,27
BRA,2001,27
UKR,2008,27
MNE,2019,27
BLR,2004,27
SVK,2006,27
ZIM,2008,26
PAN,2016,26
GUA,2014,26
CRO,2003,26
ECU,2008,26
UAE,2019,26
LES,2009,26
MAW,2016,26
DOM,2015,26
KOS,2017,26
LUX,2020,25
IRL,1996,25
FIN,2000,25
KAZ,2015,25
BLR,2022,25
PUR,2016,25
POR,2005,25
JOR,2004,25
LUX,2000,25
CRO,2009,25
BRU,2015,25
MNE,2018,24
LUX,2001,24
NAM,2013,24
NOR,1999,24
NOR,2000,24
IRL,1999,24
EST,2012,24
SVK,2005,24
CYP,2020,24
MKD,2012,24
MAR,2000,24
THA,2012,24
ARG,2004,24
MOZ,2018,23
SVK,1998,23
FIN,1999,23
UKR,2002,23
LES,2000,23
SLO,2000,23
ECU,2012,23
GRE,1999,23
EGY,2018,23
ALB,2018,23
VEN,2012,23
MAW,2017,23
SGP,2021,23
MNE,2017,23
LAT,2004,23
BOT,2016,23
UAE,2022,23
BLR,2009,23
NAM,1997,22
ZIM,2021,22
NAM,2004,22
NAM,2012,22
MRI,2012,22
LAT,2005,22
GUA,2013,22
PUR,2015,22
MGL,2016,22
ARG,2003,22
JOR,2013,22
COL,2012,22
BOT,2000,22
LES,2011,22
BRA,1997,22
IRI,2012,22
NCA,2014,21
ISL,2004,21
MLT,2015,21
CAY,2016,21
MGL,2010,21
SRB,2011,21
NOR,1996,21
NGR,2016,21
SRB,2010,21
LUX,1999,21
SMR,2014,21
IVB,2018,21
DEN,1996,21
BLR,2008,21
PAN,2019,21
PAN,2018,21
ALG,2012,21
CPV,2015,21
MAR,2011,21
BRU,2014,21
GRE,2000,21
GUY,2011,21
LES,2004,21
SWZ,2000,21
ZIM,2007,21
NAM,1999,20
MYA,2019,20
JOR,2011,20
IVB,2019,20
ANG,2015,20
BIH,2013,20
VEN,2020,20
MLT,2014,20
URU,2012,20
UKR,2000,20
CAM,2018,20
LAT,2007,20
POR,2004,20
IRL,2002,20
MEX,2002,20
ECU,2011,20
NEP,2002,20
PER,2020,20
ALB,2022,20
GRE,2004,20
NAM,2001,19
INA,2012,19
CPV,2018,19
LBN,2015,19
LBN,2022,19
CRO,2005,19
NAM,2002,19
LUX,1998,19
TAN,2015,19
CRO,2006,19
PAK,2022,19
MAC,2014,19
TUN,2016,19
EGY,2019,19
CRC,2011,19
UKR,2004,19
CRC,2021,19
NCA,2018,19
MLT,2013,19
LES,2014,19
GUA,2021,18
VEN,2011,18
PAK,2019,18
SMR,2015,18
XXX,2022,18
PAN,2015,18
MAR,2020,18
COL,2020,18
SGP,2005,18
UKR,1998,18
CRC,2010,18
ESA,2015,18
NGR,2017,18
POR,1999,18
GRE,2002,18
KOS,2020,17
XXX,2011,17
XXX,2009,17
ZIM,2022,17
POR,2001,17
POR,1996,17
MAR,1998,17
IRL,1998,17
BOL,2022,17
ALG,2009,17
BLR,2006,17
PAR,2020,17
SWZ,2015,17
LES,1997,16
SWZ,2005,16
ECU,2005,16
COL,2011,16
POR,1998,16
ANG,2016,16
EGY,2017,16
MAR,1997,16
LIE,2016,16
CYP,2014,16
NAM,2003,16
LBN,2018,16
CAM,2022,16
NEP,2003,16
XXX,2010,16
IRI,2014,16
ALG,2010,16
SLO,1997,16
PAR,2014,16
ETH,2014,16
CAM,2017,16
PAN,2017,16
BOL,2021,16
CPV,2014,16
TUR,2010,16
MRI,2013,16
KEN,2022,15
MAD,2009,15
LAT,2006,15
KGZ,2019,15
ALB,2021,15
LTU,2004,15
NEP,2007,15
UGA,2019,15
LBN,2016,15
ANG,2018,15
PAN,2014,15
MDA,2016,15
UKR,1999,15
POR,2000,15
GRE,2003,15
SWZ,2001,15
SRB,1996,14
SWZ,2006,14
ZAM,2016,14
JOR,2010,14
URU,2008,14
CAY,2018,14
LAT,2001,14
LIE,2018,14
PUR,2018,14
BRA,2000,14
ESA,2022,14
MOZ,2019,14
MRI,2009,14
MAD,2022,14
PAN,2022,14
ETH,2016,14
ETH,2018,14
MAR,2009,14
BLR,2010,14
SWZ,1996,14
KEN,2021,14
NAM,2006,14
PUR,2011,14
BOT,1996,14
EGY,2022,13
ROU,2008,13
IVB,2016,13
ALG,2020,13
BRA,2005,13
MEX,1998,13
NEP,2004,13
NOR,2002,13
AFG,2021,13
ISR,2001,13
LBN,2017,13
MEX,1996,13
GEO,2019,13
JOR,2005,13
SWZ,2010,13
LIE,2017,13
MAC,2015,13
ALB,2016,13
VEN,2010,13
JOR,2012,13
MAW,2013,13
BOT,1999,13
XXX,2007,13
NCA,2015,12
IVB,2015,12
BOL,2015,12
SRB,2009,12
LES,2003,12
SRB,2005,12
POR,2002,12
NAM,2005,12
KEN,2010,12
SWZ,1998,12
MAR,2006,12
MAR,1996,12
ALB,2012,12
MAR,1999,12
EGY,2016,12
NCA,2017,12
SRB,1998,12
GUY,2018,12
GAB,2018,12
LAT,2000,12
LTU,2008,12
SWZ,2011,12
LIE,2021,12
MGL,2013,12
NEP,2000,12
UGA,2018,12
NAM,2007,12
IRI,2013,12
SWZ,1997,11
IRI,2015,11
ZAM,2015,11
MOZ,2017,11
MNE,2015,11
AND,2003,11
UAE,2016,11
MAW,2015,11
IVB,2017,11
BOT,1997,11
MNE,2009,11
LTU,1996,11
UKR,2006,11
CAM,2016,11
SEN,2019,11
SRI,2016,11
BRA,1998,11
CHI,2005,11
MGL,2022,11
SWZ,2009,11
MNE,2021,11
VIE,2015,11
BOL,2014,11
CAM,2020,11
VIE,2014,11
MDA,2015,11
JOR,2008,11
MNE,2016,11
NCA,2013,11
BIH,2010,11
LAT,2002,11
CRC,2007,11
CMR,2018,11
SLO,1999,11
SGP,2007,11
LTU,2000,11
OMA,2018,11
BOT,2001,11
JOR,2022,11
BUL,2011,11
NCA,2019,11
BOT,1998,11
BRA,2004,10
ZIM,2020,10
AZE,2018,10
IRI,2011,10
SRB,2006,10
NGR,2015,10
COL,2008,10
BLR,2005,10
BOT,2014,10
CHI,2004,10
DOM,2014,10
BAN,2019,10
CAM,2021,10
TUN,2004,10
ROU,2010,10
ZAM,2013,10
SWZ,1999,10
POR,1997,10
LES,1999,10
GAB,2019,10
VEN,2009,10
URU,2009,10
URU,2006,10
GUA,2011,10
TUN,2012,10
SYR,2016,10
PUR,2004,10
JOR,2021,10
LIE,2022,10
CHN,1997,10
ALB,2017,10
JOR,2001,10
MAD,2007,10
PAN,2021,10
HKG,2001,10
TPE,1998,10
MAD,2012,10
EGY,2021,10
MAR,2003,10
MAR,2008,10
KAZ,2022,10
ROU,2009,10
KUW,2019,10
QAT,2018,10
NAM,2021,10
CPV,2019,10
ALB,2013,10
MRI,2008,10
AFG,2022,10
CPV,2016,9
EGY,2015,9
ALB,2014,9
ALB,2015,9
HON,2014,9
CAM,2015,9
BRU,2013,9
HON,2013,9
AND,2008,9
KGZ,2018,9
JOR,2016,9
MAW,2014,9
KEN,2009,9
URU,2021,9
ESA,2006,9
BRN,2022,9
PUR,2013,9
CMR,2016,9
SWZ,2012,9
SWZ,2013,9
MLI,2016,9
HON,2018,9
CAY,2017,9
TUN,2007,9
ETH,2015,9
CAY,2014,9
CYP,2013,9
CYP,2012,9
CYP,2011,9
AZE,2019,9
CUB,2018,9
QAT,2022,9
UAE,2021,9
NEP,2008,9
LBA,2009,9
BOT,2012,9
MGL,2017,9
CHI,2008,9
GUY,2019,9
UGA,2017,9
NGR,2019,9
CHI,1998,9
LES,2001,9
LES,2015,9
GRE,2001,9
JOR,2006,9
LES,2002,9
GUA,2004,9
LIE,2008,8
GRE,1997,8
VIE,2011,8
HON,2015,8
CRC,2006,8
GAB,2013,8
FRO,2022,8
TAN,2016,8
HON,2016,8
TAN,2017,8
GAB,2015,8
ALG,2004,8
ALG,2007,8
MON,2013,8
PAN,2013,8
BIH,2012,8
MAR,2001,8
PAN,2010,8
MAR,2002,8
PER,2011,8
SLO,1998,8
ROU,2007,8
HON,2022,8
AND,2020,8
BOT,2020,8
SWZ,2014,8
SWZ,2004,8
SEN,2016,8
SRB,2007,8
LBN,2014,8
ECU,2004,8
MRI,2010,8
NGR,2012,8
XXX,2002,8
NGR,2022,8
KAZ,2001,8
LTU,2005,8
LES,1998,8
BOT,2015,8
BOT,2013,8
HON,2019,8
TUN,2008,8
TUR,2003,8
MLT,2011,8
PUR,2012,8
SRI,2018,7
PUR,2019,7
HKG,2003,7
TUR,2004,7
NAM,2020,7
COD,2016,7
KSA,2019,7
MOZ,2016,7
KEN,2005,7
ROU,2000,7
KAZ,2014,7
VEN,2008,7
JOR,2009,7
URU,2020,7
KEN,2008,7
CHN,1999,7
KGZ,2022,7
PAN,2012,7
SMR,2013,7
COD,2018,7
TAN,2018,7
CRC,2009,7
CPV,2013,7
GEO,2018,7
ZAM,2012,7
NAM,2009,7
XXX,2008,7
MAW,2011,7
BRU,2012,7
MAC,2013,7
BLR,2020,7
CMR,2019,7
QAT,2017,7
MLT,2012,7
TUR,2007,7
ECU,2009,7
ISR,2007,7
SRB,2000,7
SRB,1997,7
DOM,2022,7
LIE,2014,7
COL,2009,7
PAK,2021,7
UAE,2020,7
BRA,1996,7
TAN,2011,7
LIE,2019,7
LES,2008,7
MDV,2018,7
ALG,2003,6
CRC,2005,6
PLE,2022,6
VIE,2012,6
EST,2008,6
ALB,2020,6
HON,2017,6
GEO,2021,6
LUX,1997,6
PHI,2008,6
ESA,2012,6
TJK,2003,6
CHN,2000,6
SEN,2012,6
URU,2005,6
VEN,2004,6
PAK,2020,6
MAS,2006,6
CPV,2022,6
AFG,2019,6
SWZ,2002,6
IVB,2012,6
CPV,2017,6
CHI,1999,6
SRB,1999,6
SYR,2019,6
NGR,2014,6
MDA,2014,6
NEP,2005,6
EST,2005,6
ISR,2006,6
SWZ,2003,6
KAZ,1999,6
KAZ,1997,6
ISR,2002,6
CRO,1996,6
GUY,2013,6
ANG,2019,6
GUY,2015,6
TPE,2002,6
ARG,2001,6
GUY,2016,6
TUN,2001,6
TUN,1997,6
SEN,2011,6
TUN,2014,6
PUR,2009,6
ANG,2013,6
XXX,2006,6
ETH,2017,6
EST,2009,6
PUR,2021,6
TUN,2006,6
ROU,2006,6
ROU,2001,6
ROU,1996,6
MNE,2011,6
NCA,2008,6
BOT,2011,6
TUN,2005,6
TUR,2005,6
BOT,2004,6
BOT,2010,6
TUR,2006,6
KSA,2016,6
CYP,2010,6
AFG,2018,5
ETH,2022,5
ETH,2021,5
ETH,2019,5
ETH,2013,5
ETH,1999,5
MOZ,2004,5
XXX,2003,5
XXX,2005,5
FRO,2018,5
FRO,2017,5
MON,2016,5
EST,2006,5
GAB,2021,5
MYA,2018,5
UAE,2014,5
MON,2004,5
UAE,1996,5
GRE,1996,5
GEO,2012,5
UGA,2016,5
NAM,2008,5
URU,2000,5
AND,2004,5
MNE,2020,5
AND,2006,5
UZB,2018,5
VEN,2006,5
GAB,2016,5
TUR,2009,5
TUN,1998,5
ARG,2002,5
GUY,2017,5
GUY,2010,5
GUY,2014,5
SWZ,2007,5
MGL,2015,5
TUN,2000,5
TUN,2013,5
GRL,2019,5
TUN,2010,5
CAY,2019,5
GRL,2020,5
ECU,2003,5
ECU,2007,5
PAR,2013,5
PAN,2011,5
PER,2008,5
PHI,2006,5
MAR,2004,5
MAR,2007,5
MAD,2020,5
MAD,2021,5
OMA,2016,5
LTU,2002,5
LIE,2020,5
LES,2022,5
SEN,2018,5
SEN,2015,5
BOL,2013,5
KGZ,2016,5
COM,2013,5
COM,1997,5
JOR,2020,5
SGP,2006,5
MDA,2020,5
COL,2010,5
CPV,2005,5
CPV,2004,5
SGP,2001,5
KAZ,2012,5
COM,2016,5
COM,2017,5
COD,2019,5
KEN,2000,5
SMR,2020,5
BIH,2001,5
BER,2012,5
SRB,2008,5
SRB,2001,5
SRB,2002,5
CHA,2015,5
SUD,2017,5
STP,2021,5
SRI,2019,5
CHI,2006,5
CUB,2015,5
AZE,2022,5
NEP,2006,5
ARM,2016,5
ARM,2017,5
IRI,2009,5
IRI,2010,5
LIE,2010,5
LTU,2007,5
LES,1996,5
LBA,2008,5
KUW,2012,5
KUW,2009,5
LIE,2015,5
LES,2006,5
PUR,2014,5
LAO,2019,5
ROU,1999,5
ROU,2002,5
ROU,2005,5
BOL,2010,5
TUN,2003,4
TUN,2002,4
IRI,1996,4
CYP,2009,4
SYR,2018,4
TAN,2014,4
ARG,1999,4
CGO,2018,4
TUN,1999,4
GUY,2009,4
GUY,2003,4
TUR,2002,4
GRL,2018,4
MLI,2022,4
GUY,2002,4
TUN,2009,4
DOM,2013,4
DOM,2012,4
GEO,2017,4
MOZ,1999,4
MOZ,2014,4
EST,2004,4
XXX,1997,4
XXX,2000,4
FRO,2021,4
ALG,2000,4
GAM,2018,4
ESA,2020,4
MON,2014,4
MON,2015,4
MON,2011,4
MOZ,2015,4
GAB,2022,4
GAB,2017,4
ANG,2010,4
GUA,2005,4
GRL,2021,4
AND,1999,4
ALG,2006,4
EGY,2020,4
UAE,2013,4
ECU,2006,4
MON,2008,4
MON,2009,4
MON,2010,4
UAE,2010,4
GRL,2016,4
GRL,2009,4
JOR,2002,4
JOR,2000,4
BOL,2011,4
BOL,2012,4
COD,2017,4
COD,2015,4
KGZ,2020,4
KAZ,2004,4
SEN,2010,4
RWA,2013,4
KAZ,2008,4
SEN,2022,4
NIG,2017,4
COL,2005,4
MDV,2019,4
JOR,2007,4
BIH,2005,4
BIH,2002,4
CPV,2011,4
CRO,1999,4
ISR,2003,4
CHI,2007,4
IND,2006,4
CUB,2016,4
MGL,1999,4
SRI,2012,4
IVB,2021,4
BIH,2009,4
LAT,1996,4
CAM,2013,4
PUR,2022,4
LAO,2020,4
KUW,2018,4
KUW,2015,4
LIE,1996,4
LBN,2021,4
LES,2005,4
LIE,2003,4
CMR,2012,4
CMR,2013,4
LBN,2011,4
MAW,2012,4
PUR,2020,4
BOT,2005,4
BUR,2013,4
LAT,1999,4
LTU,1999,4
LTU,2001,4
PLE,2020,4
LIE,2011,4
PER,2006,4
PHI,2005,4
BRU,2011,4
OMA,2015,4
LTU,1998,4
LTU,2006,4
CHN,2001,4
PER,2005,4
MAD,2008,4
PAN,2009,4
MAD,2006,4
MAR,2005,4
MAS,1998,4
PAK,2018,4
MAW,2000,4
ZAM,2009,4
ALB,2011,3
ETH,2003,3
MRI,2003,3
AFG,2017,3
AFG,2016,3
XXX,2004,3
BER,2000,3
BAN,2018,3
BAN,2022,3
SRI,2015,3
SRI,2022,3
STP,2022,3
ISR,1997,3
GAB,2011,3
GAB,2012,3
GAB,2014,3
ALG,1996,3
ESA,2011,3
OMA,2020,3
PAK,2015,3
PAK,2016,3
PAK,2017,3
PAR,2010,3
MAW,2022,3
MON,2012,3
VIE,2010,3
PAR,2011,3
PAR,2021,3
FRO,2019,3
ISR,2000,3
ISR,2004,3
AZE,2017,3
AZE,2021,3
BER,2007,3
BER,2008,3
BER,2021,3
BHU,2015,3
BHU,2016,3
BHU,2018,3
BHU,2019,3
UZB,2019,3
VEN,1999,3
GAM,2017,3
PER,2010,3
PHI,2007,3
CIV,2017,3
MAW,2021,3
BAH,2018,3
CUB,2000,3
IRQ,2015,3
IRQ,2016,3
IRQ,2019,3
NGR,2011,3
NGR,2013,3
NGR,2021,3
ISV,2019,3
CPV,2007,3
CPV,2012,3
ESA,2000,3
ESA,2001,3
ESA,2005,3
ESA,2009,3
EGY,2008,3
ALG,2005,3
UZB,2017,3
BUL,2007,3
BUL,2009,3
BUL,2010,3
CHN,1998,3
SRB,2004,3
CUB,2014,3
CHI,2003,3
SOM,2018,3
ISV,2016,3
CHA,2017,3
CHA,2018,3
CHI,1996,3
GEO,2010,3
AND,2002,3
AND,2005,3
AND,2007,3
ERI,2022,3
BRN,2019,3
BRN,2021,3
PLE,2021,3
LIE,2007,3
ESA,1999,3
EGY,2012,3
EGY,2013,3
EGY,2014,3
MON,2018,3
MON,2019,3
MON,2021,3
MON,2022,3
LIE,2012,3
LES,2021,3
LIE,2002,3
ARM,2015,3
ARM,2018,3
ARM,2019,3
ARM,2021,3
SMR,2008,3
SOM,2010,3
JOR,2003,3
BIH,2003,3
BIH,2007,3
IVB,2020,3
JAM,2018,3
IND,2003,3
INA,2011,3
LBN,2012,3
BUR,2016,3
BUR,2017,3
BUR,2018,3
BUR,2019,3
GEO,2016,3
SWZ,2008,3
HKG,2002,3
SWZ,2021,3
SGP,2004,3
COM,2011,3
SYR,2017,3
UGA,2004,3
UGA,2013,3
GRE,1998,3
DOM,2021,3
EGY,2005,3
GEO,2013,3
TAN,2009,3
TAN,2019,3
TOG,2019,3
COM,2019,3
NIG,2011,3
NIG,2015,3
NIG,2016,3
SEN,2009,3
KAZ,1998,3
KAZ,2000,3
KAZ,2007,3
HKG,1996,3
HKG,1998,3
CAF,2008,3
CAF,2017,3
DOM,2009,3
DOM,2011,3
CMR,2007,3
CMR,2009,3
PUR,2007,3
PUR,2010,3
PYF,2019,3
HKG,2000,3
DAN,2021,3
MKD,2011,3
MDA,2011,3
RWA,2017,3
RWA,2018,3
RWA,2019,3
CGO,2010,3
GUA,1997,3
GUA,2002,3
GUA,2003,3
GUA,2007,3
ANG,2011,3
NCA,2009,3
NCA,2012,3
QAT,2015,3
NEP,2001,3
MGL,2011,3
TPE,1999,3
ANG,2014,3
MDA,2005,3
MLT,2010,3
GUY,2004,3
GRL,2017,3
CAM,2014,3
LAT,1997,3
LAT,1998,3
ROU,2003,3
KSA,2021,3
GUA,1996,3
TRI,2018,3
TUN,1996,3
TUN,2011,3
COL,2002,3
KOS,2016,3
KGZ,2021,3
KAZ,2020,3
KUW,2014,3
BOT,2002,3
BOT,2008,3
CAY,2015,3
GUY,2001,3
MNE,2012,3
MNE,2014,3
NCA,2020,3
NCA,2022,3
KSA,2015,3
KSA,2017,3
BOL,2008,3
COK,2016,3
AFG,2015,3
MOZ,2022,3
MOZ,2002,3
BEN,2022,3
ETH,2009,3
YEM,2020,3
AFG,2020,3
MAW,1996,3
ESA,2013,3
ESA,2014,3
XXX,1998,3
XXX,1999,2
XXX,1996,2
VIE,2013,2
MAS,2007,2
ZAM,2014,2
ZAM,2011,2
ZAM,2010,2
ZAM,2006,2
ETH,2010,2
BEN,2019,2
BEN,2017,2
FIJ,2018,2
EST,2003,2
EST,2002,2
EST,2000,2
EST,1997,2
MOZ,2012,2
MOZ,2005,2
MOZ,2003,2
ETH,2008,2
XXX,2001,2
COL,1996,2
COK,2014,2
KSA,2018,2
KSA,2013,2
KSA,2012,2
NCA,2021,2
MNE,2013,2
MLT,2009,2
MLT,2008,2
KSA,2011,2
BOT,2009,2
BOT,2006,2
BOT,2003,2
KUW,2020,2
KUW,2017,2
KUW,2016,2
KUW,2013,2
KUW,2011,2
KUW,2010,2
GUY,2000,2
KEN,2020,2
KEN,2007,2
KOR,1998,2
KGZ,2017,2
KGZ,2015,2
GUI,2014,2
TUN,2015,2
ARG,2000,2
GRN,2022,2
ROU,2004,2
QAT,2021,2
CAM,2012,2
TUR,2001,2
TUR,1999,2
TUR,1996,2
GUY,2008,2
MDA,2001,2
MDA,1997,2
MDV,2022,2
KEN,2004,2
KEN,2003,2
KEN,2001,2
ARG,1998,2
ANG,2022,2
ANG,2017,2
CGO,2017,2
LAO,2017,2
QAT,2014,2
QAT,2012,2
UAE,2000,2
UAE,1997,2
TUR,2008,2
GRL,2014,2
GUA,2006,2
CAY,2022,2
SEN,2008,2
SEN,2007,2
MDA,2013,2
MDA,2009,2
MDA,2006,2
CAY,2020,2
MKD,2010,2
COD,2010,2
CMR,2015,2
UAE,2015,2
UAE,2012,2
MNE,2010,2
BUR,2022,2
BUR,2021,2
HKG,1999,2
HKG,1997,2
HAI,2018,2
KAZ,2005,2
SEY,2012,2
SEN,2017,2
SGP,2002,2
KAZ,2011,2
KAZ,2009,2
TKS,2012,2
TKM,2018,2
THA,2011,2
TAN,2022,2
TAN,2013,2
TAN,2012,2
TAN,2004,2
TAN,2002,2
TAN,2001,2
SYR,2022,2
MAW,2010,2
MAW,2009,2
MAW,2005,2
GIB,2018,2
GHA,2013,2
GHA,1996,2
GIB,2021,2
GIB,2020,2
UGA,2022,2
PYF,2022,2
SYR,2020,2
COM,1998,2
SKN,2021,2
SGP,2003,2
COL,2007,2
COL,2006,2
MDV,2017,2
SWZ,2020,2
HON,2010,2
HKG,2004,2
EGY,2011,2
EGY,2010,2
GEO,2022,2
BUL,2000,2
BUR,2015,2
BUR,2014,2
LBN,2013,2
BOT,2021,2
LBN,2008,2
MAW,2020,2
HON,2021,2
HON,2020,2
CYP,2008,2
JAM,2012,2
IVB,2022,2
BIH,2006,2
SOM,2011,2
IVB,2014,2
IVB,2013,2
CRC,1997,2
IND,2001,2
IND,2000,2
IRI,2006,2
CUB,2011,2
ARM,2014,2
CUB,1997,2
CYP,2006,2
CUB,2021,2
CGO,2019,2
MOZ,1998,2
LES,2007,2
LIE,2004,2
LIE,1997,2
PNG,2017,2
MON,2017,2
BRN,2016,2
LTU,2003,2
ERI,2020,2
ERI,2015,2
MYA,2022,2
MOZ,2000,2
NGR,2001,2
CHI,2000,2
CGO,2022,2
ISV,2017,2
ISV,2015,2
MGL,2000,2
MGL,2021,2
BAH,2019,2
OMA,2017,2
BUL,2008,2
ESA,2010,2
ESA,2007,2
ESA,2002,2
SRB,2003,2
ISV,2018,2
NGR,2020,2
IRQ,2009,2
IRQ,2005,2
CIV,2007,2
PHI,1997,2
MTN,2021,2
MTN,2006,2
VEN,2005,2
UZB,2022,2
BRN,1996,2
BUL,1997,2
LUX,1996,2
BER,2019,2
BER,2009,2
CRO,1998,2
CRO,1997,2
ISR,2005,2
GAB,2009,2
FRO,2015,2
PER,1997,2
MAC,2012,2
VIE,2009,2
VIE,2008,2
VEN,2007,2
ERI,2016,2
MYA,2017,2
BUL,2003,2
PAN,2020,2
PAK,2014,2
PAK,2013,2
ALG,1998,2
ALG,1997,2
GAB,2010,2
ISR,1999,2
ISR,1998,2
ISR,1996,2
SUD,2011,2
SUD,2010,2
STP,2020,2
SRI,2010,2
SRI,2009,2
BER,1996,2
EST,1996,2
ZAM,2022,2
MRI,2002,2
ALB,2010,2
AHO,2013,1
ALB,2001,1
ALB,2003,1
ALB,2006,1
ALB,2007,1
ALB,2009,1
ZAM,2020,1
ZAM,2021,1
MRI,1997,1
MOZ,2001,1
MOZ,2008,1
MAS,2001,1
MAS,1997,1
PAN,2008,1
PAN,2007,1
PAK,2005,1
MAW,2003,1
MAW,2001,1
ALG,2002,1
ALG,2001,1
ALG,1999,1
GAB,2008,1
FRO,2016,1
PER,2007,1
PER,2004,1
PER,2002,1
PER,2001,1
BER,2022,1
BER,2015,1
BER,2014,1
BER,2013,1
BER,2003,1
BAH,2010,1
AZE,2020,1
IRQ,2022,1
SVE,2021,1
BDI,2019,1
BAR,2019,1
BEN,2003,1
BEN,2002,1
SUD,2018,1
SUD,2015,1
SUD,2009,1
CPV,2010,1
CPV,2009,1
ISV,2021,1
ISV,2020,1
NGR,2010,1
NGR,2008,1
IRQ,2018,1
IRQ,2017,1
IRQ,2008,1
IRQ,2004,1
IRQ,2001,1
CUB,2003,1
CUB,1998,1
BAH,2014,1
BAH,2012,1
BHU,2014,1
NFI,2022,1
NFI,2021,1
ISV,2011,1
SOM,2019,1
SOM,2013,1
MGL,2002,1
MGL,2001,1
MKD,2007,1
MKD,2002,1
MGL,2020,1
CUB,2020,1
CUB,2017,1
CUB,2013,1
BAN,2015,1
BAN,2014,1
IRQ,2021,1
ARM,2022,1
IRI,2020,1
IRI,2008,1
IRI,2005,1
IRI,2003,1
CUB,2012,1
CUB,2005,1
CUB,1996,1
CYP,2007,1
CYP,2005,1
CYP,2001,1
CUB,2022,1
MGL,2007,1
MGL,2005,1
MGL,2004,1
NGR,2002,1
COM,2014,1
COM,2012,1
SOM,2012,1
SOM,2009,1
SOM,2007,1
SOM,2004,1
SOM,2003,1
IVB,1997,1
CRC,1999,1
SMR,2012,1
SMR,2011,1
SMR,2007,1
IND,1999,1
IND,1997,1
ARU,2017,1
ARU,2003,1
SKN,2022,1
MDV,2015,1
MDG,2017,1
NIG,2019,1
NIG,2018,1
SWZ,2022,1
INA,2010,1
INA,2001,1
IRE,2017,1
IND,2002,1
JAM,2019,1
JAM,2015,1
JAM,2010,1
JAM,2009,1
JAM,2008,1
BIH,2004,1
TKM,2017,1
TJK,2016,1
THA,2009,1
THA,2001,1
THA,1997,1
TGA,2018,1
TAN,2021,1
TAN,2000,1
SYR,2021,1
SYR,2014,1
SYR,2013,1
SYR,2011,1
SYR,2010,1
COM,2003,1
COM,2002,1
SLE,2014,1
SEY,1998,1
SEN,2021,1
SEN,2013,1
NIG,2014,1
NIG,2013,1
NIG,2009,1
NIG,2003,1
NIG,2001,1
COM,2015,1
BIZ,2019,1
BIZ,2017,1
KAZ,2010,1
HAI,2017,1
TOG,2016,1
TOG,2015,1
TKM,2019,1
SAM,2016,1
RWA,2022,1
MDA,2012,1
MDA,2010,1
CAY,2021,1
MLI,1999,1
MKD,2009,1
DAN,2022,1
HAI,2022,1
HAI,2019,1
KAZ,2003,1
KAZ,2002,1
KAZ,1996,1
SGP,2000,1
SGP,1998,1
SEY,2015,1
MDA,1996,1
BUR,2020,1
NIG,2022,1
NIG,2021,1
RWA,1996,1
KEN,2002,1
KEN,1996,1
ARG,1996,1
ANT,2021,1
ANG,2021,1
MGL,2008,1
CGO,2007,1
CGO,2006,1
SEN,2004,1
SAM,2020,1
SAM,2019,1
COD,2014,1
KOR,1999,1
KOR,1996,1
COL,2004,1
COL,2000,1
TRI,2019,1
TRI,2017,1
TRI,2016,1
TRI,2015,1
HAI,2012,1
GUY,2021,1
GUY,2020,1
GUY,2012,1
GUY,2006,1
MDA,2004,1
MDA,2002,1
COL,1998,1
COL,1997,1
COK,2019,1
BOL,2009,1
BOL,2006,1
KSA,2014,1
CAY,2012,1
GUY,1999,1
GUY,1996,1
GUM,2017,1
GUM,2016,1
GUM,1997,1
GUI,2021,1
GUI,2015,1
KAZ,2013,1
KEN,2006,1
CAM,2011,1
CAM,2010,1
CAM,2009,1
CAM,2008,1
CAF,2018,1
TUR,2000,1
TUR,1998,1
TUR,1997,1
GUY,2005,1
MLT,2007,1
MLI,2021,1
MLI,2019,1
KSA,2007,1
KSA,2001,1
KUW,2021,1
COL,1999,1
MON,2003,1
UAE,2011,1
UAE,2007,1
UAE,2003,1
TWN,2018,1
GRL,2015,1
GRL,2013,1
GRL,2012,1
GRL,2011,1
GRL,2008,1
ANG,2012,1
GUA,2000,1
GUA,1998,1
ROU,1998,1
BUR,2011,1
BUR,2010,1
MNE,2007,1
MNE,2006,1
MNE,2005,1
CAF,2014,1
LAO,2022,1
KUW,2022,1
QAT,2010,1
QAT,2009,1
QAT,2007,1
QAT,2006,1
QAT,2000,1
MNE,2002,1
NCA,2010,1
MON,2007,1
MON,2006,1
MON,2005,1
PUR,2008,1
PUR,2000,1
COD,2011,1
COD,2009,1
CMR,2022,1
CMR,2017,1
CMR,2010,1
CMR,2008,1
DOM,2010,1
ECU,2002,1
ECU,1999,1
ECU,1997,1
UGA,2002,1
UGA,2000,1
UGA,1998,1
UGA,1997,1
GHA,2009,1
GHA,2008,1
GHA,2000,1
GHA,1999,1
EGY,2007,1
EGY,2006,1
EGY,2004,1
EGY,2000,1
GRB,2003,1
GIB,2022,1
UGA,2020,1
UGA,2015,1
UGA,2014,1
UGA,2012,1
UGA,2011,1
UGA,2005,1
LCA,2004,1
LBR,2019,1
LBN,2020,1
BOT,2022,1
LBN,2010,1
LBN,2007,1
LBN,2001,1
LBN,1996,1
LBA,2019,1
LBA,2018,1
COD,2013,1
MAW,2006,1
GEO,2014,1
GEO,2011,1
GIB,2017,1
GHA,2019,1
LES,2020,1
PNG,2021,1
PNG,2016,1
PNG,2014,1
PNG,2011,1
PNG,2009,1
LIE,2013,1
MOZ,1996,1
MON,2020,1
GEO,2020,1
GEO,2015,1
BUL,2002,1
BUL,2001,1
BUL,1999,1
LCA,2007,1
LCA,2005,1
PNG,1998,1
PLE,2017,1
PLE,2010,1
BRU,2008,1
BRN,2018,1
BRN,2017,1
BRN,2015,1
BRN,2001,1
AND,2000,1
AND,1998,1
GBS,2006,1
MON,2001,1
MON,2000,1
MON,1998,1
LIE,1999,1
LIE,1998,1
VEN,1998,1
UZB,2020,1
BUL,1998,1
BUL,1996,1
BRU,2010,1
BRU,2009,1
MAS,2005,1
MAS,2004,1
CHN,1996,1
UZB,2016,1
EGY,2009,1
ESA,2008,1
ESA,2004,1
ESA,1998,1
LIE,2006,1
PNG,1999,1
MYA,2014,1
BUL,2006,1
BUL,2004,1
CMR,2006,1
CIV,2018,1
CIV,2016,1
CIV,2015,1
CIV,2013,1
CIV,2011,1
MTN,2007,1
MOZ,2020,1
GAM,2016,1
GAM,2014,1
GAB,2020,1
VEN,2003,1
VEN,2001,1
PER,2000,1
PAR,2012,1
MAC,2010,1
MAC,2005,1
MAD,2005,1
MAD,2003,1
MAD,2000,1
MAD,1999,1
FRO,2014,1
VIE,2005,1
ERI,2019,1
GAM,2022,1
GAM,2019,1
MYA,2021,1
MYA,2020,1
MYA,2016,1
MOZ,2009,1
ETH,2006,1
ALB,2000,1
FIJ,2022,1
MRI,2006,1
MRI,2001,1
MRI,1999,1
MRI,1998,1
ETH,2000,1
ZAM,2008,1
ZAM,2005,1
ZAM,2003,1
ZAM,2002,1
ZAM,2000,1
YEM,2016,1
MAS,2003,1
SRI,2014,1
SRI,2013,1
SRI,2011,1
BAN,2021,1
BAN,2017,1
BAN,2016,1
BER,2001,1
BER,1999,1
BER,1998,1
BER,1997,1
BEN,2018,1
BEN,2005,1
FIJ,2019,1
ETH,2020,1
ETH,2012,1
MOZ,2010,1
