race_month,distance_km,race_count
1.0,54.0,4068
1.0,62.0,44
1.0,62.76426,26
1.0,63.0,560
1.0,63.24706199999999,47
1.0,63.9,41
1.0,64.0,829
1.0,64.3736,477
1.0,65.0,79
1.0,66.0,428
1.0,66.6,191
1.0,67.0,122
1.0,68.0,89
1.0,69.0,40
1.0,69.20162,264
1.0,70.0,935
1.0,71.0,19
1.0,71.22,10
1.0,72.0,76
1.0,72.4203,2336
1.0,73.0,3
1.0,74.02964,59
1.0,74.7,50
1.0,74.83431,459
1.0,75.0,259
1.0,75.63898,210
1.0,75.8,15
1.0,76.1,16
1.0,77.24832,430
1.0,78.0,115
1.0,78.05299,2
1.0,78.85766,11
1.0,79.0,60
1.0,79.7,148
1.0,80.0,1643
1.0,80.467,6476
1.0,82.0,280
1.0,83.0,19
1.0,83.68568,355
1.0,84.0,24
1.0,84.812218,3
1.0,86.90436,11
1.0,88.4,4
1.0,89.0,139
1.0,90.0,196
1.0,90.2,26
1.0,91.0,1
1.0,92.5,18
1.0,93.0,1023
1.0,94.0,128
1.0,95.0,40
1.0,95.5,16
1.0,97.0,11
1.0,100.0,20123
1.0,101.0,244
1.0,101.6,3
1.0,102.0,654
1.0,102.99776,198
1.0,103.0,61
1.0,105.0,14
1.0,106.0,79
1.0,108.0,129
1.0,110.0,143
1.0,111.0,31
1.0,115.0,284
1.0,119.0,53
1.0,120.0,14
1.0,120.7005,14
1.0,121.7,4
1.0,125.0,49
1.0,125.52852,18
1.0,128.0,157
1.0,128.7472,32
1.0,130.0,34
1.0,134.0,144
1.0,140.0,23
1.0,144.0,7
1.0,150.0,6
1.0,151.0,71
1.0,160.0,240
1.0,160.934,2123
1.0,161.0,2
1.0,162.0,321
1.0,164.0,266
1.0,167.37136,1
1.0,173.0,28
1.0,173.80872,400
1.0,177.0,12
1.0,180.0,16
1.0,193.1,4
1.0,200.0,157
1.0,201.0,5
1.0,209.2142,16
1.0,213.0,27
1.0,215.65156,10
1.0,217.2609,487
1.0,220.0,4
1.0,236.57298,3
1.0,237.0,4
1.0,240.0,24
1.0,241.401,16
1.0,246.0,5
1.0,250.0,68
1.0,251.05704,12
1.0,257.4944,71
1.0,281.6345,9
1.0,285.0,29
1.0,298.0,20
1.0,321.868,26
1.0,323.0,1
1.0,341.18008,2
1.0,395.89764,25
1.0,431.30312,342
1.0,45.0,6355
1.0,45.06152,113
1.0,45.1,3
1.0,45.18,3
1.0,48.8,25
1.0,52.0,1657
1.0,52.1,67
1.0,52.5,72
1.0,52.6,97
1.0,52.625418,44
1.0,52.9,135
1.0,53.0,2214
1.0,53.1,123
1.0,53.10822,7
1.0,53.4,2
1.0,53.91289,35
1.0,49.0,180
1.0,49.2,78
1.0,49.88954,404
1.0,50.0,48202
1.0,50.2,2
1.0,50.4,30
1.0,50.6,47
1.0,50.9,64
1.0,51.0,887
1.0,51.32,28
1.0,51.4,147
1.0,51.49888,275
1.0,51.5,67
1.0,51.6,28
1.0,51.7,8
1.0,51.8,97
1.0,54.1,70
1.0,54.556625999999994,13
1.0,54.71756,188
1.0,55.0,1494
1.0,55.4,9
1.0,55.5,39
1.0,55.52223,47
1.0,56.0,3367
1.0,56.3269,51
1.0,57.0,1901
1.0,58.0,172
1.0,59.0,702
1.0,60.0,2268
1.0,61.0,43
1.0,61.15492,4
1.0,61.95959,253
1.0,45.4,469
1.0,45.5,1124
1.0,45.6,49
1.0,45.9,9
1.0,46.0,1049
1.0,46.3,17
1.0,46.5,273
1.0,46.7,60
1.0,46.8,74
1.0,47.0,1795
1.0,47.4,25
1.0,47.6,90
1.0,47.9,8
1.0,48.0,489
1.0,48.2802,1035
1.0,48.6,87
2.0,60.5,11
2.0,60.02838199999999,33
2.0,60.0,4024
2.0,59.54558,10
2.0,59.5,2
2.0,58.6,152
2.0,58.0,987
2.0,57.93624,23
2.0,57.1,78
2.0,57.0,594
2.0,56.7,5
2.0,56.648768000000004,138
2.0,56.3269,282
2.0,56.165966,327
2.0,56.0,1600
2.0,55.4,9
2.0,67.0,727
2.0,66.3,8
2.0,66.0,269
2.0,65.5,262
2.0,65.0,2257
2.0,64.5,12
2.0,64.3736,2744
2.0,64.0,1068
2.0,63.0,414
2.0,62.76426,48
2.0,62.7,9
2.0,62.5,2
2.0,62.0,1168
2.0,61.15492,72
2.0,61.1,118
2.0,61.0,787
2.0,76.3,24
2.0,76.0,269
2.0,75.63898,31
2.0,75.0,311
2.0,74.0,307
2.0,72.5,163
2.0,72.4203,572
2.0,72.0,497
2.0,71.5,98
2.0,71.4,27
2.0,71.0,307
2.0,70.0,1567
2.0,69.0,75
2.0,68.6,688
2.0,68.0,40
2.0,67.5,143
2.0,86.0,103
2.0,85.0,1037
2.0,84.7,38
2.0,84.0,396
2.0,83.68568,43
2.0,83.0,96
2.0,82.07634,19
2.0,82.0,1176
2.0,81.5,101
2.0,81.0,156
2.0,80.9,121
2.0,80.467,9550
2.0,80.0,3304
2.0,79.5,244
2.0,78.0,422
2.0,77.0,42
2.0,102.0,2150
2.0,101.2,32
2.0,101.0,207
2.0,100.0,11697
2.0,99.0,7
2.0,96.0,11
2.0,94.0,519
2.0,93.0,51
2.0,92.0,66
2.0,91.0,217
2.0,90.0,216
2.0,89.0,93
2.0,88.5137,366
2.0,88.5,7
2.0,88.0,15
2.0,87.0,251
2.0,115.0,158
2.0,114.26313999999999,112
2.0,113.0,169
2.0,112.0,216
2.0,111.0,743
2.0,110.0,346
2.0,108.0,145
2.0,107.0,281
2.0,106.21644,1383
2.0,106.0,173
2.0,105.0,337
2.0,104.0,121
2.0,103.3,10
2.0,103.0,592
2.0,102.6,105
2.0,102.3,637
2.0,154.0,17
2.0,153.0,4
2.0,150.0,180
2.0,144.8406,24
2.0,143.23126,31
2.0,139.0,3
2.0,135.0,69
2.0,130.0,131
2.0,129.0,182
2.0,128.7472,23
2.0,128.0,525
2.0,125.52852,12
2.0,125.0,1087
2.0,120.0,139
2.0,119.0,31
2.0,115.5,4
2.0,177.0274,32
2.0,176.0,21
2.0,175.0,19
2.0,172.0,20
2.0,170.0,27
2.0,164.95735,91
2.0,164.15268,18
2.0,162.1,25
2.0,162.0,42
2.0,161.0,67
2.0,160.934,6179
2.0,160.0,843
2.0,159.4,34
2.0,158.0,23
2.0,156.0,48
2.0,155.0,81
2.0,218.0,9
2.0,217.2609,136
2.0,213.0,21
2.0,208.0,31
2.0,207.0,16
2.0,206.0,258
2.0,204.0,115
2.0,203.09870800000002,62
2.0,202.0,3
2.0,200.0,427
2.0,197.0,41
2.0,193.1208,51
2.0,190.0,76
2.0,189.90212,99
2.0,180.0,40
2.0,178.63674,75
2.0,269.0,86
2.0,265.0,68
2.0,262.0,52
2.0,260.0,14
2.0,257.4944,10
2.0,250.0,414
2.0,246.0,2
2.0,241.401,19
2.0,236.9,2
2.0,236.0,192
2.0,235.0,122
2.0,233.0,95
2.0,230.0,55
2.0,225.0,51
2.0,222.0,14
2.0,220.0,28
2.0,347.0,13
2.0,321.868,29
2.0,319.0,1
2.0,316.0,69
2.0,315.0,13
2.0,305.0,8
2.0,300.0,74
2.0,298.0,22
2.0,294.50921999999997,6
2.0,292.0,3
2.0,281.0,8
2.0,280.0,9
2.0,278.0,11
2.0,276.5,1
2.0,272.1,38
2.0,270.0,54
2.0,1609.34,5
2.0,1073.0,20
2.0,1050.0,57
2.0,1000.0,12
2.0,934.0,4
2.0,723.0,3
2.0,692.0162,50
2.0,532.7,6
2.0,514.9888,24
2.0,500.0,31
2.0,482.802,71
2.0,413.0,1
2.0,410.0,2
2.0,362.1015,2
2.0,353.0,7
2.0,350.0,62
2.0,55.2,17
2.0,55.0,4494
2.0,54.71756,30
2.0,54.7,158
2.0,54.4,167
2.0,54.395692,101
2.0,54.3,55
2.0,54.23475800000001,4
2.0,54.1,157
2.0,54.0,2584
2.0,53.7,4
2.0,53.6,137
2.0,53.5,200
2.0,53.2,5
2.0,53.10822,573
2.0,53.0,1307
2.0,52.5,376
2.0,52.2,40
2.0,52.142616,103
2.0,52.0,3168
2.0,51.49888,17
2.0,51.0,1498
2.0,50.8,27
2.0,50.5,9
2.0,50.4,76
2.0,50.0,69640
2.0,49.88954,174
2.0,49.5,11
2.0,49.0,382
2.0,48.5,235
2.0,48.2802,194
2.0,48.0,1970
2.0,47.5,8
2.0,47.47553,7
2.0,47.4,41
2.0,47.0,1710
2.0,46.9,115
2.0,46.5,42
2.0,46.2,61
2.0,46.0,977
2.0,45.6,346
2.0,45.5,102
2.0,45.4,185
2.0,45.383388,21
2.0,45.3,66
2.0,45.18,3
2.0,45.06152,134
2.0,45.0,3663
3.0,45.06152,40
3.0,45.3,19
3.0,45.4,27
3.0,45.5,733
3.0,45.6,175
3.0,45.7,84
3.0,45.8,61
3.0,46.0,10118
3.0,46.1,224
3.0,46.5,7
3.0,46.6,1181
3.0,46.7,536
3.0,46.8,546
3.0,46.9,22
3.0,47.0,4999
3.0,52.2,557
3.0,52.0,3079
3.0,50.0,140771
3.0,50.1,13
3.0,50.2,72
3.0,50.3,88
3.0,50.5,451
3.0,50.6,11
3.0,50.69421,72
3.0,50.8,22
3.0,51.0,2239
3.0,51.016078,654
3.0,51.3,565
3.0,51.49888,1731
3.0,51.5,43
3.0,51.6,135
3.0,45.0,20650
3.0,58.25810800000001,302
3.0,58.7,180
3.0,59.0,434
3.0,59.54558,125
3.0,59.6,157
3.0,59.9,10
3.0,60.0,8324
3.0,60.4,198
3.0,60.6,91
3.0,60.9,38
3.0,61.0,499
3.0,61.15492,9
3.0,61.3,352
3.0,62.0,2445
3.0,62.2,84
3.0,62.3,4
3.0,62.4,120
3.0,62.76426,24
3.0,62.8,75
3.0,63.0,1835
3.0,63.3,361
3.0,63.4,70
3.0,63.5,16
3.0,64.0,529
3.0,64.3,484
3.0,64.3736,1416
3.0,65.0,5631
3.0,65.3,139
3.0,65.98294,697
3.0,66.0,2159
3.0,66.4,161
3.0,66.6,97
3.0,67.0,126
3.0,67.59228,299
3.0,68.0,717
3.0,68.23601599999999,8
3.0,68.39695,26
3.0,69.0,32
3.0,70.0,3068
3.0,71.0,308
3.0,71.454696,57
3.0,72.0,2357
3.0,72.4203,1164
3.0,72.5,424
3.0,72.9,121
3.0,73.0,2544
3.0,73.4,6
3.0,73.54683800000001,6
3.0,74.0,995
3.0,74.7,64
3.0,75.0,1621
3.0,75.63898,157
3.0,76.0,446
3.0,76.5,10
3.0,77.0,333
3.0,77.9,10
3.0,78.0,233
3.0,79.1,9
3.0,80.0,18543
3.0,80.467,16722
3.0,80.8,362
3.0,81.0,514
3.0,81.5,100
3.0,81.6,91
3.0,81.7,7
3.0,82.0,575
3.0,82.07634,35
3.0,82.3,8
3.0,82.72007599999999,441
3.0,82.8,1
3.0,83.0,1287
3.0,83.202878,4
3.0,83.68568,10
3.0,84.0,410
3.0,84.329416,25
3.0,84.5,212
3.0,84.9,24
3.0,85.0,508
3.0,85.29502,18
3.0,85.455954,7
3.0,86.90436,22
3.0,87.0,376
3.0,88.0,339
3.0,88.5137,1213
3.0,89.157436,6
3.0,89.31837,8
3.0,90.0,425
3.0,90.12304,164
3.0,90.444908,6
3.0,90.7,11
3.0,90.92771,3
3.0,91.0,327
3.0,91.7,1
3.0,92.0,394
3.0,92.5,5
3.0,92.858918,2
3.0,93.0,8
3.0,93.6,47
3.0,93.7,5
3.0,94.0,8
3.0,94.9,271
3.0,95.0,33
3.0,95.4,15
3.0,95.8,180
3.0,96.0,139
3.0,96.5604,75
3.0,96.7,234
3.0,97.0,45
3.0,97.5,6
3.0,98.0,137
3.0,99.2,148
3.0,99.77908,30
3.0,100.0,23739
3.0,100.7,1
3.0,101.0,782
3.0,102.0,1042
3.0,102.4,8
3.0,102.7,2
3.0,103.0,125
3.0,103.5,10
3.0,104.0,2002
3.0,105.0,400
3.0,106.0,145
3.0,107.0,62
3.0,108.0,299
3.0,109.43512,800
3.0,110.0,187
3.0,111.0,131
3.0,112.0,1079
3.0,113.0,500
3.0,114.0,72
3.0,115.0,291
3.0,118.0,10
3.0,119.0,293
3.0,119.09116,198
3.0,120.0,1065
3.0,120.2,62
3.0,120.7005,7
3.0,123.0,697
3.0,123.91918,187
3.0,125.0,1194
3.0,126.49412399999999,65
3.0,127.0,109
3.0,128.0,385
3.0,128.7472,2
3.0,129.0,439
3.0,130.0,89
3.0,131.0,77
3.0,135.0,18
3.0,136.0,152
3.0,137.5,59
3.0,140.0,26
3.0,142.0,15
3.0,145.0,21
3.0,146.0,96
3.0,148.0,167
3.0,150.0,487
3.0,154.0,28
3.0,155.0,216
3.0,155.5,37
3.0,155.8,9
3.0,160.0,452
3.0,160.934,4418
3.0,161.0,12
3.0,162.0,11
3.0,162.54334,11
3.0,164.15268,23
3.0,166.0,77
3.0,167.0,155
3.0,167.37136,5
3.0,168.0,56
3.0,169.0,53
3.0,170.0,252
3.0,173.0,41
3.0,176.0,63
3.0,180.0,59
3.0,183.0,2
3.0,186.68344,26
3.0,188.0,15
3.0,190.0,109
3.0,194.0,93
3.0,195.4,654
3.0,196.0,475
3.0,200.0,661
3.0,201.1675,4
3.0,203.0,238
3.0,203.09870800000002,16
3.0,204.0,438
3.0,209.2142,7
3.0,210.0,86
3.0,213.0,76
3.0,216.0,13
3.0,218.0,5
3.0,221.0,557
3.0,223.0,11
3.0,225.0,30
3.0,230.0,25
3.0,233.0,40
3.0,236.57298,4
3.0,246.0,31
3.0,249.4477,23
3.0,250.0,713
3.0,257.4944,11
3.0,260.0,14
3.0,265.0,19
3.0,269.0,20
3.0,270.0,36
3.0,275.0,24
3.0,280.0,35
3.0,282.7,15
3.0,287.0,4
3.0,300.0,45
3.0,316.0,186
3.0,321.868,9
3.0,334.0,39
3.0,346.0,3
3.0,482.802,3
3.0,550.0,2
3.0,563.269,22
3.0,750.0,28
3.0,804.67,5
3.0,863.0,6
3.0,1000.0,53
3.0,1609.34,45
3.0,47.153662000000004,15
3.0,47.3,243
3.0,47.5,239
3.0,47.8,111
3.0,47.9,489
3.0,48.0,2456
3.0,48.2,623
3.0,48.2802,1120
3.0,48.3,396
3.0,48.5,171
3.0,49.0,439
3.0,49.1,31
3.0,49.2,44
3.0,49.5,24
3.0,49.7,607
3.0,4274.5,14
3.0,52.4,113
3.0,52.6,1399
3.0,52.9,913
3.0,53.0,1635
3.0,53.10822,3465
3.0,53.2,242
3.0,53.430088000000005,138
3.0,53.7,325
3.0,53.9,20
3.0,53.91289,57
3.0,54.0,1854
3.0,54.1,27
3.0,54.23475800000001,447
3.0,54.5,146
3.0,49.9,49
3.0,2000.0,2
3.0,54.71756,569
3.0,54.878494,194
3.0,55.0,5932
3.0,55.1,83
3.0,55.2,42
3.0,55.4,1195
3.0,55.8,1150
3.0,56.0,27673
3.0,56.2,518
3.0,56.3269,416
3.0,56.648768000000004,29
3.0,57.0,1513
3.0,57.6,61
3.0,57.9,100
3.0,57.93624,15
3.0,58.0,3860
3.0,51.8,5
4.0,50.1,36
4.0,50.2,1
4.0,50.3,166
4.0,50.5,219
4.0,50.6,46
4.0,50.69421,305
4.0,50.7,426
4.0,51.0,7452
4.0,51.4,37
4.0,51.49888,1057
4.0,51.5,123
4.0,51.7,1524
4.0,51.8,10
4.0,52.0,9968
4.0,52.142616,79
4.0,47.1,77
4.0,52.3,182
4.0,52.30355,79
4.0,52.464484,31
4.0,52.5,112
4.0,52.6,1009
4.0,52.7,180
4.0,52.786351999999994,76
4.0,52.8,90
4.0,53.0,3193
4.0,53.10822,576
4.0,53.3,52
4.0,53.4,2
4.0,53.5,38
4.0,53.6,46
4.0,53.91289,451
4.0,50.0,139106
4.0,54.0,4237
4.0,54.23475800000001,128
4.0,54.3,38
4.0,54.4,127
4.0,54.5,105
4.0,54.71756,452
4.0,54.878494,253
4.0,55.0,5558
4.0,55.2,100
4.0,55.3,92
4.0,55.6,1702
4.0,55.683164000000005,117
4.0,55.8,35
4.0,55.844098,65
4.0,55.97,29
4.0,52.2,80
4.0,56.1,153
4.0,56.2,20
4.0,56.3269,384
4.0,56.5,118
4.0,56.6,157
4.0,56.7,140
4.0,57.0,3033
4.0,57.4,64
4.0,57.5,44
4.0,57.6,19
4.0,58.0,3060
4.0,58.2,81
4.0,58.5,134
4.0,58.9,43
4.0,59.0,3503
4.0,53.98,31
4.0,59.3,41
4.0,59.5,134
4.0,59.54558,231
4.0,59.7,26
4.0,59.72,32
4.0,59.8,49
4.0,59.9,55
4.0,60.0,17288
4.0,60.1,74
4.0,60.2,34
4.0,60.7,43
4.0,61.0,521
4.0,61.2,56
4.0,61.3,218
4.0,61.48,31
4.0,56.0,43388
4.0,62.4,15
4.0,62.76426,19
4.0,63.0,5127
4.0,63.3,1150
4.0,63.5,535
4.0,63.7,302
4.0,63.8,82
4.0,63.9,171
4.0,64.0,1671
4.0,64.1,260
4.0,64.3736,2289
4.0,65.0,3840
4.0,65.98294,201
4.0,66.0,1341
4.0,66.2,83
4.0,59.2,46
4.0,66.8,1510
4.0,67.0,891
4.0,67.5,203
4.0,67.59228,88
4.0,67.6,216
4.0,68.0,1477
4.0,68.1,36
4.0,68.5,427
4.0,68.557884,23
4.0,69.0,971
4.0,69.20162,8
4.0,69.3,13
4.0,69.684422,47
4.0,70.0,10868
4.0,70.00628999999999,45
4.0,62.0,5358
4.0,70.7,225
4.0,70.81096,55
4.0,71.0,4132
4.0,71.454696,553
4.0,71.61563,104
4.0,72.0,4289
4.0,72.4203,289
4.0,72.5,4
4.0,72.9,151
4.0,72.90310199999999,28
4.0,73.0,2241
4.0,74.0,3386
4.0,74.4,35
4.0,75.0,2185
4.0,75.1,39
4.0,66.5,68
4.0,75.5,161
4.0,75.63,30
4.0,76.0,749
4.0,76.34,29
4.0,76.5,27
4.0,77.0,278
4.0,77.24832,37
4.0,77.9,6
4.0,78.0,531
4.0,78.9,4
4.0,79.0,321
4.0,79.1,6
4.0,79.7,33
4.0,79.9,77
4.0,80.0,7782
4.0,70.1,26
4.0,80.467,31249
4.0,80.5,4
4.0,81.0,176
4.0,81.4,42
4.0,81.5,32
4.0,81.7,4
4.0,82.0,633
4.0,82.07634,276
4.0,82.1,24
4.0,82.2,40
4.0,82.3,38
4.0,82.9,34
4.0,83.0,192
4.0,83.5,40
4.0,83.68568,437
4.0,75.4,126
4.0,84.0,2075
4.0,84.3,38
4.0,84.329416,59
4.0,84.4,232
4.0,84.5,80
4.0,85.0,4978
4.0,85.29502,2056
4.0,85.5,169
4.0,86.0,215
4.0,86.4,79
4.0,86.9,4
4.0,86.90436,230
4.0,87.0,417
4.0,87.5,62
4.0,88.0,1276
4.0,80.45,63
4.0,88.6,43
4.0,89.0,105
4.0,90.0,866
4.0,90.1,5
4.0,90.12304,150
4.0,90.6,12
4.0,91.0,211
4.0,91.4,7
4.0,91.7,4
4.0,91.73238,80
4.0,92.0,1213
4.0,93.0,60
4.0,93.3,4
4.0,93.4,42
4.0,93.9,5
4.0,83.7,4
4.0,94.8,240
4.0,95.0,384
4.0,96.0,105
4.0,96.5604,91
4.0,97.0,90
4.0,97.4,38
4.0,97.5,2
4.0,98.0,293
4.0,98.16974,831
4.0,99.6,41
4.0,100.0,46564
4.0,100.7,12
4.0,101.0,322
4.0,101.6,658
4.0,101.9,38
4.0,88.5137,407
4.0,103.0,1543
4.0,103.4,25
4.0,103.5,150
4.0,104.0,697
4.0,105.0,2839
4.0,106.0,1222
4.0,106.5,326
4.0,107.0,203
4.0,107.4,44
4.0,107.8,34
4.0,108.0,1423
4.0,108.3,16
4.0,108.4,349
4.0,108.5,20
4.0,109.0,54
4.0,94.0,289
4.0,110.0,2422
4.0,111.0,1187
4.0,111.4,24
4.0,112.0,2443
4.0,112.1,706
4.0,113.0,473
4.0,114.0,726
4.0,115.0,3863
4.0,116.0,160
4.0,117.0,174
4.0,118.0,2854
4.0,119.0,136
4.0,120.0,1256
4.0,120.7005,12
4.0,121.0,46
4.0,102.0,1055
4.0,125.0,1163
4.0,126.0,89
4.0,126.4,43
4.0,126.49412399999999,118
4.0,127.0,189
4.0,128.0,82
4.0,128.7472,2
4.0,130.0,319
4.0,131.000276,53
4.0,131.9,77
4.0,132.0,119
4.0,133.0,119
4.0,133.7,38
4.0,133.897088,58
4.0,134.7,18
4.0,109.43512,316
4.0,136.0,88
4.0,139.0,23
4.0,140.0,110
4.0,141.0,67
4.0,143.0,25
4.0,144.0,44
4.0,145.0,57
4.0,146.0,21
4.0,148.0,131
4.0,150.0,171
4.0,152.0,13
4.0,155.0,70
4.0,160.0,378
4.0,160.9,6
4.0,160.934,8326
4.0,123.0,197
4.0,162.5,21
4.0,163.0,169
4.0,164.0,19
4.0,165.0,89
4.0,166.0,67
4.0,166.6,64
4.0,167.0,1350
4.0,168.0,731
4.0,170.0,1230
4.0,171.0,166
4.0,172.0,63
4.0,173.0,97
4.0,174.0,19
4.0,176.0,14
4.0,176.8,10
4.0,135.0,100
4.0,178.0,1
4.0,180.0,64
4.0,183.0,2
4.0,185.0,21
4.0,186.0,4
4.0,190.0,83
4.0,198.0,40
4.0,199.0,6
4.0,199.55816,20
4.0,200.0,359
4.0,201.0,7
4.0,202.2,588
4.0,203.0,3
4.0,207.0,5
4.0,211.0,36
4.0,161.0,98
4.0,216.0,75
4.0,217.2609,10
4.0,219.0,19
4.0,220.0,898
4.0,222.0,298
4.0,225.0,449
4.0,227.5,2
4.0,229.0,345
4.0,230.0,525
4.0,233.0,7
4.0,236.57298,26
4.0,237.0,2052
4.0,239.0,113
4.0,240.0,4
4.0,241.0,2
4.0,177.4,11
4.0,243.0,910
4.0,244.0,729
4.0,245.0,657
4.0,245.3,548
4.0,245.7,529
4.0,246.0,141
4.0,249.0,888
4.0,249.4477,5
4.0,250.0,2636
4.0,250.7,1956
4.0,255.0,48
4.0,257.0,972
4.0,260.0,41
4.0,262.0,17
4.0,265.0,16
4.0,212.0,447
4.0,269.0,25
4.0,270.0,3
4.0,275.0,21
4.0,280.0,15
4.0,285.0,76
4.0,289.0,103
4.0,290.0,24
4.0,292.0,20
4.0,296.0,25
4.0,314.0,14
4.0,321.868,95
4.0,322.0,3
4.0,324.0,22
4.0,327.0,27
4.0,360.0,17
4.0,241.401,89
4.0,372.0,17
4.0,377.0,5
4.0,378.5,9
4.0,400.0,15
4.0,430.0,9
4.0,438.0,37
4.0,558.6,31
4.0,705.0,11
4.0,713.0,9
4.0,730.0,7
4.0,1000.0,19
4.0,1090.5,23
4.0,1384.0324,5
4.0,1397.0,2
4.0,1609.34,1
4.0,267.0,35
4.0,47.2,53
4.0,47.8,57
4.0,48.0,9632
4.0,48.2,64
4.0,48.2802,668
4.0,48.4,78
4.0,48.5,427
4.0,48.7,282
4.0,49.0,1329
4.0,49.1,716
4.0,49.2,1165
4.0,49.3,71
4.0,49.4,70
4.0,49.6,184
4.0,49.7,35
4.0,370.8,4
4.0,45.0,10929
4.0,45.2,137
4.0,45.26,33
4.0,45.3,229
4.0,45.5,34
4.0,45.6,628
4.0,45.8,275
4.0,45.9,117
4.0,46.0,3464
4.0,46.1,20
4.0,46.188058,183
4.0,46.2,26
4.0,46.5,68
4.0,47.0,4985
5.0,45.86619,267
5.0,46.0,3338
5.0,46.6,1698
5.0,46.67086,98
5.0,46.7,134
5.0,46.8,52
5.0,47.0,2700
5.0,740.0,18
5.0,888.0,3
5.0,989.7441,1
5.0,1000.0,2
5.0,1070.0,24
5.0,1354.0,11
5.0,1384.0324,4
5.0,1521.0,3
5.0,1550.0,15
5.0,48.0,5585
5.0,48.1,420
5.0,48.2802,1449
5.0,48.48,25
5.0,48.6,61
5.0,48.9,121
5.0,49.0,4043
5.0,49.2,262
5.0,49.567672,308
5.0,49.7,19
5.0,49.8,292
5.0,47.2,71
5.0,47.47553,48
5.0,47.5,76
5.0,47.7,43
5.0,45.8,143
5.0,52.142616,138
5.0,52.2,5
5.0,52.3,524
5.0,52.5,34
5.0,52.6,355
5.0,52.9,31
5.0,53.0,8542
5.0,53.10822,1311
5.0,53.2,52
5.0,53.38,24
5.0,53.5,966
5.0,53.591021999999995,42
5.0,53.8,275
5.0,54.0,3841
5.0,54.1,36
5.0,54.395692,88
5.0,54.5,272
5.0,54.6,173
5.0,54.71756,250
5.0,55.0,9433
5.0,55.2,115
5.0,55.200362,28
5.0,55.5,165
5.0,55.6,62
5.0,55.7,385
5.0,55.8,371
5.0,56.0,2584
5.0,56.1,47
5.0,56.3269,820
5.0,56.5,48
5.0,56.6,346
5.0,57.0,4084
5.0,57.131569999999996,288
5.0,57.6,18
5.0,57.775306,56
5.0,57.9,22
5.0,57.93624,353
5.0,58.0,4151
5.0,58.21,25
5.0,58.3,5
5.0,58.4,12
5.0,58.48,25
5.0,58.5,55
5.0,58.54,27
5.0,58.6,22
5.0,58.7,145
5.0,58.74091,15
5.0,59.0,801
5.0,59.2,189
5.0,59.3,41
5.0,59.5,32
5.0,59.54558,1250
5.0,59.58,24
5.0,59.6,69
5.0,60.0,11952
5.0,60.35025,190
5.0,61.0,1467
5.0,61.15492,15
5.0,61.3,69
5.0,61.7,52
5.0,62.0,2263
5.0,62.2,47
5.0,62.4,155
5.0,62.99,25
5.0,63.0,8522
5.0,63.2,22
5.0,63.3,78
5.0,63.5,12
5.0,63.56893,3
5.0,63.57,26
5.0,64.0,900
5.0,64.3736,2283
5.0,64.6,58
5.0,64.7,41
5.0,65.0,6933
5.0,65.2,114
5.0,65.4,9
5.0,65.66107199999999,332
5.0,66.0,856
5.0,66.5,1317
5.0,67.0,1200
5.0,67.3,41
5.0,67.32,29
5.0,67.5,208
5.0,67.59228,129
5.0,67.6,44
5.0,68.0,762
5.0,68.7,135
5.0,68.8,22
5.0,69.0,960
5.0,69.1,11
5.0,69.20162,318
5.0,69.27,26
5.0,69.4,128
5.0,70.0,9857
5.0,70.1,21
5.0,70.4,73
5.0,70.81096,499
5.0,71.0,3603
5.0,71.3,10
5.0,71.8,95
5.0,72.0,2600
5.0,72.4203,147
5.0,72.5,29
5.0,72.7,9372
5.0,72.8,205
5.0,73.0,11285
5.0,73.1,41
5.0,73.5,1039
5.0,73.6,61
5.0,73.8,41
5.0,73.9,3063
5.0,74.0,203
5.0,74.02964,224
5.0,74.5,1783
5.0,74.6,9
5.0,75.0,1288
5.0,75.5,32
5.0,75.6,52
5.0,75.63898,285
5.0,76.0,2477
5.0,76.7,37
5.0,77.0,1901
5.0,77.24832,13
5.0,77.7,22
5.0,78.0,374
5.0,78.2,22
5.0,78.3,22
5.0,78.4,95
5.0,78.7,7
5.0,79.0,124
5.0,80.0,7800
5.0,80.3,23
5.0,80.467,25834
5.0,80.8,41
5.0,81.0,156
5.0,81.3,16
5.0,81.8,135
5.0,82.0,1316
5.0,82.07634,17
5.0,82.4,47
5.0,82.6,4
5.0,82.72007599999999,154
5.0,82.9,164
5.0,83.0,3957
5.0,83.3,1903
5.0,83.4,25
5.0,83.5,948
5.0,83.68568,324
5.0,84.0,3676
5.0,84.329416,227
5.0,84.4,740
5.0,84.5,7
5.0,84.6,114
5.0,85.0,3208
5.0,85.2,73
5.0,85.29502,129
5.0,85.4,205
5.0,85.5,82
5.0,86.0,774
5.0,86.90436,28
5.0,87.0,7017
5.0,87.3,29
5.0,87.4,21
5.0,87.5,52
5.0,87.7,57
5.0,87.8,36
5.0,88.0,1953
5.0,88.2,61
5.0,88.5,32
5.0,88.5137,630
5.0,89.0,12602
5.0,90.0,906
5.0,90.12304,437
5.0,90.4,74
5.0,91.0,188
5.0,91.2,28
5.0,91.3,33
5.0,91.4,5
5.0,91.5,25
5.0,92.0,33
5.0,92.8,66
5.0,93.0,215
5.0,93.1,3
5.0,93.34172,21
5.0,93.8,18
5.0,93.985456,4
5.0,94.0,30
5.0,94.3,17
5.0,94.95106,5
5.0,95.0,152
5.0,96.0,4
5.0,96.5604,648
5.0,96.7,11
5.0,97.0,16
5.0,97.2,15
5.0,97.4,22
5.0,98.0,470
5.0,98.16974,163
5.0,98.2,32
5.0,98.7,25
5.0,99.0,185
5.0,99.4,25
5.0,99.7,203
5.0,99.77908,70
5.0,100.0,79915
5.0,100.1,472
5.0,100.5,72
5.0,100.7,28
5.0,101.0,815
5.0,102.0,2059
5.0,102.47,68
5.0,102.6,47
5.0,102.9,110
5.0,103.0,2432
5.0,103.5,40
5.0,103.8,9
5.0,104.0,302
5.0,104.5,86
5.0,104.6,169
5.0,104.7,42
5.0,105.0,2198
5.0,105.4,2
5.0,105.5,41
5.0,105.6,49
5.0,106.0,2697
5.0,107.0,27
5.0,107.4,35
5.0,107.5,645
5.0,107.82578,33
5.0,108.0,1031
5.0,108.7,597
5.0,109.0,247
5.0,109.2,222
5.0,110.0,2673
5.0,111.0,796
5.0,111.04446,121
5.0,111.5,104
5.0,112.0,291
5.0,112.7,101
5.0,113.0,9
5.0,114.0,15
5.0,114.26313999999999,2
5.0,115.0,945
5.0,116.0,836
5.0,116.8,11
5.0,117.0,68
5.0,118.0,735
5.0,119.0,6
5.0,119.09116,95
5.0,120.0,1313
5.0,120.4,119
5.0,120.7005,13
5.0,121.0,480
5.0,123.0,31
5.0,124.0,42
5.0,124.9,14
5.0,125.0,950
5.0,126.0,122
5.0,126.6,2
5.0,127.0,49
5.0,128.0,242
5.0,129.0,172
5.0,130.0,1254
5.0,130.1,19
5.0,131.0,151
5.0,132.0,20
5.0,133.0,541
5.0,133.7,25
5.0,135.0,298
5.0,136.0,13
5.0,136.7939,2
5.0,138.0,1
5.0,140.0,2710
5.0,141.0,26
5.0,142.0,25
5.0,144.0,7
5.0,144.8406,20
5.0,145.0,50
5.0,148.0,8
5.0,150.0,238
5.0,152.8873,48
5.0,153.69197,223
5.0,155.0,28
5.0,156.0,611
5.0,156.10598,213
5.0,157.0,170
5.0,160.0,256
5.0,160.934,8581
5.0,162.4,33
5.0,163.0,8
5.0,163.3,32
5.0,163.6,65
5.0,164.0,113
5.0,164.15268,19
5.0,165.0,253
5.0,165.76202,22
5.0,165.8,32
5.0,166.0,214
5.0,166.2,11
5.0,167.37136,12
5.0,168.9807,5
5.0,170.0,169
5.0,170.59004,524
5.0,170.9,28
5.0,172.0,37
5.0,173.0,454
5.0,175.0,29
5.0,177.0,9
5.0,177.0274,510
5.0,180.0,266
5.0,180.24608,19
5.0,181.0,16
5.0,183.0,9
5.0,185.0,622
5.0,186.0,95
5.0,188.0,97
5.0,190.0,39
5.0,196.9,22
5.0,200.0,133
5.0,200.3,18
5.0,201.0,40
5.0,202.0,103
5.0,202.1,8
5.0,202.4,304
5.0,203.0,9
5.0,203.5,62
5.0,204.0,33
5.0,204.5,8
5.0,205.0,31
5.0,206.0,5
5.0,206.5,4
5.0,207.0,11
5.0,208.0,60
5.0,210.0,106
5.0,212.0,59
5.0,215.0,171
5.0,216.0,89
5.0,217.0,101
5.0,217.2609,16
5.0,218.0,85
5.0,220.0,9
5.0,221.0,263
5.0,222.0,142
5.0,224.0,51
5.0,225.3076,16
5.0,230.0,195
5.0,231.0,9
5.0,233.3543,621
5.0,234.0,30
5.0,236.57298,3
5.0,240.0,55
5.0,241.3,13
5.0,241.401,47
5.0,243.01033999999999,4
5.0,249.4477,63
5.0,250.0,2494
5.0,251.0,89
5.0,252.0,27
5.0,253.2,2
5.0,254.0,154
5.0,255.0,175
5.0,257.4944,66
5.0,258.0,12
5.0,261.2,37
5.0,265.0,99
5.0,269.0,9
5.0,270.0,27
5.0,278.0,6
5.0,280.0,79
5.0,282.0,16
5.0,282.7,7
5.0,283.0,9
5.0,285.0,21
5.0,289.6812,8
5.0,290.0,15
5.0,292.0,127
5.0,299.0,39
5.0,300.0,32
5.0,305.7746,44
5.0,314.6,3
5.0,315.0,247
5.0,316.5,1
5.0,320.0,29
5.0,321.868,121
5.0,327.0,40
5.0,328.0,63
5.0,330.0,17
5.0,333.0,94
5.0,341.18008,1
5.0,350.0,4
5.0,350.83612,4
5.0,354.0,33
5.0,354.0548,2
5.0,363.0,5
5.0,395.0,9
5.0,400.0,271
5.0,402.335,255
5.0,405.4,36
5.0,418.4284,14
5.0,430.0,7
5.0,431.0,1
5.0,450.0,28
5.0,460.0,5
5.0,487.63002,1
5.0,500.0,20
5.0,503.0,78
5.0,513.0,81
5.0,514.0,151
5.0,520.0,336
5.0,521.0,2
5.0,522.0,42
5.0,525.0,6
5.0,550.0,10
5.0,570.0,32
5.0,572.0,9
5.0,50.7,97
5.0,50.8,4
5.0,50.9,40
5.0,51.0,4384
5.0,51.016078,28
5.0,51.1,32
5.0,51.3,452
5.0,51.4,574
5.0,51.49888,353
5.0,51.5,606
5.0,51.61,24
5.0,51.7,11
5.0,51.8,485
5.0,51.9,285
5.0,52.0,6593
5.0,52.1,45
5.0,45.5,70
5.0,45.3,324
5.0,45.18,2
5.0,50.6,204
5.0,50.5,62
5.0,50.4,771
5.0,50.0,103966
5.0,49.88954,928
5.0,45.1,20
5.0,45.06152,14
5.0,45.0,15338
5.0,44.0,82
5.0,24.5,35
5.0,47.8,32
6.0,45.0,9818
6.0,44.0,56
6.0,47.2,119
6.0,47.0,5566
6.0,46.8,72
6.0,46.6,46
6.0,46.5,610
6.0,45.1,31
6.0,550.0,1
6.0,524.64484,123
6.0,521.0,5
6.0,504.0,1
6.0,503.0,12
6.0,500.0,55
6.0,480.0,3
6.0,451.0,8
6.0,46.2,399
6.0,46.1,51
6.0,46.0,3267
6.0,45.86619,141
6.0,45.8,17
6.0,45.7,37
6.0,45.6,263
6.0,45.544322,12
6.0,45.5,167
6.0,49.6,276
6.0,49.5,385
6.0,49.406738,11
6.0,49.4,160
6.0,45.2,86
6.0,45.3,12
6.0,49.3,521
6.0,51.1,32
6.0,51.016078,24
6.0,51.0,4211
6.0,50.9,95
6.0,50.6,9
6.0,50.0,84918
6.0,49.99,8
6.0,49.8,388
6.0,49.7,29
6.0,54.5,11
6.0,54.2,207
6.0,54.0,8475
6.0,53.91289,231
6.0,53.9,32
6.0,49.0,3615
6.0,48.763002,77
6.0,53.0,9810
6.0,52.8,241
6.0,52.7,458
6.0,52.6,178
6.0,52.5,406
6.0,52.4,92
6.0,52.30355,11
6.0,52.142616,111
6.0,52.0,7770
6.0,57.1,121
6.0,57.0,2837
6.0,56.9,342
6.0,56.5,197
6.0,56.3269,1008
6.0,51.4,505
6.0,51.2,383
6.0,55.9,248
6.0,55.8,209
6.0,55.7,112
6.0,55.4,87
6.0,55.3,41
6.0,55.0,10191
6.0,54.8,8
6.0,54.71756,5130
6.0,54.7,1322
6.0,60.35025,152
6.0,60.0,13279
6.0,59.7,162
6.0,59.6,90
6.0,59.54558,112
6.0,53.7,1223
6.0,53.10822,1488
6.0,59.0,560
6.0,58.7,94
6.0,58.6,279
6.0,58.5,82
6.0,58.0,4569
6.0,57.8,54
6.0,57.5,267
6.0,57.2,62
6.0,57.131569999999996,32
6.0,64.051732,22
6.0,64.0,2169
6.0,63.6,35
6.0,63.5,337
6.0,63.3,29
6.0,56.2,263
6.0,56.0,13325
6.0,62.8,2177
6.0,62.5,70
6.0,62.4,4
6.0,62.0,4943
6.0,61.5,44
6.0,61.15492,573
6.0,61.0,2716
6.0,60.9,13
6.0,60.7,265
6.0,67.7,130
6.0,67.5,89
6.0,67.0,3965
6.0,66.7,79
6.0,66.6,512
6.0,59.5,29
6.0,59.1,8
6.0,65.98294,19
6.0,65.2,34
6.0,65.0,6151
6.0,64.9,21
6.0,64.7,22
6.0,64.4,177
6.0,64.3736,2467
6.0,64.3,235
6.0,64.1,107
6.0,72.4203,59
6.0,72.2,139
6.0,72.0,5165
6.0,71.61563,626
6.0,71.0,3637
6.0,63.24706199999999,13
6.0,63.0,6286
6.0,70.0,3615
6.0,69.6,229
6.0,69.4,206
6.0,69.0,514
6.0,68.8,751
6.0,68.7,136
6.0,68.075082,11
6.0,68.0,1232
6.0,67.8,19
6.0,75.4,21
6.0,75.1,57
6.0,75.0,1011
6.0,74.5,186
6.0,74.3,770
6.0,66.3,113
6.0,66.0,1754
6.0,73.868706,11
6.0,73.8,46
6.0,73.54683800000001,14
6.0,73.4,29
6.0,73.3,77
6.0,73.0,475
6.0,72.7,1908
6.0,72.6,565
6.0,72.581234,175
6.0,79.7,32
6.0,79.66233,58
6.0,79.6,28
6.0,79.5,34
6.0,79.3,113
6.0,70.81096,858
6.0,70.3,130
6.0,78.7,21
6.0,78.696726,13
6.0,78.0,4405
6.0,77.4,112
6.0,77.0,866
6.0,76.4,67
6.0,76.3,181
6.0,76.282716,13
6.0,76.0,400
6.0,83.7,78
6.0,83.68568,606
6.0,83.3,173
6.0,83.0,1367
6.0,82.88101,41
6.0,74.02964,115
6.0,74.0,2184
6.0,81.915406,10
6.0,81.4,761
6.0,81.3,136
6.0,81.27167,156
6.0,81.0,488
6.0,80.6,78
6.0,80.5,119
6.0,80.467,18417
6.0,80.0,8274
6.0,86.09969,1104
6.0,86.0,3033
6.0,85.7,5
6.0,85.3,507
6.0,85.29502,42
6.0,79.1,21
6.0,79.0,203
6.0,84.973152,58
6.0,84.49035,65
6.0,84.4,129
6.0,84.39,831
6.0,84.329416,3322
6.0,84.2,35
6.0,84.0,1033
6.0,83.9,21
6.0,83.8,32
6.0,92.3,21
6.0,92.0,137
6.0,91.9,21
6.0,91.0,1210
6.0,90.2,315
6.0,82.559142,11
6.0,82.0,1699
6.0,89.0,32139
6.0,88.5137,90
6.0,88.0,265
6.0,87.5,110
6.0,87.2,200
6.0,87.0,63551
6.0,86.90436,406
6.0,86.8,21
6.0,86.260624,902
6.0,97.0,542
6.0,96.8,85
6.0,96.5604,108
6.0,96.0,409
6.0,95.9,21
6.0,85.1,2
6.0,85.0,2929
6.0,94.3,47
6.0,94.1,138
6.0,94.0,204
6.0,93.985456,20
6.0,93.8,21
6.0,93.34172,12
6.0,93.0,1067
6.0,92.8428246,4
6.0,92.8,54
6.0,102.2,115
6.0,102.0,1602
6.0,101.6,589
6.0,101.2,98
6.0,101.0,1184
6.0,90.1,21
6.0,90.0,18746
6.0,100.5,81
6.0,100.4,122
6.0,100.3,19
6.0,100.0,79705
6.0,99.0,20
6.0,98.4,1261
6.0,98.0,117
6.0,97.9,152
6.0,97.5,203
6.0,109.8,124
6.0,109.2,89
6.0,109.0,191
6.0,108.9,40
6.0,108.0,1336
6.0,95.0,286
6.0,94.8,51
6.0,106.21644,27
6.0,106.0,1534
6.0,105.0,3428
6.0,104.0,1049
6.0,103.2,128
6.0,103.0,1906
6.0,102.6,11
6.0,102.5,153
6.0,102.3,74
6.0,120.7,42
6.0,120.0,5172
6.0,119.0,1933
6.0,118.0,753
6.0,117.0,231
6.0,100.8,102
6.0,100.6,15
6.0,114.5,32
6.0,114.0,200
6.0,113.45847,1137
6.0,113.0,315
6.0,112.6538,282
6.0,112.5,191
6.0,112.0,1258
6.0,111.0,5614
6.0,110.0,2521
6.0,127.8,76
6.0,127.3,61
6.0,127.0,485
6.0,126.6,33
6.0,126.5,13
6.0,107.82578,4
6.0,107.0,417
6.0,124.5,31
6.0,124.1,241
6.0,124.0,410
6.0,123.91918,30
6.0,123.0,341
6.0,122.0,109
6.0,121.3,150
6.0,121.0,67
6.0,120.7005,92
6.0,144.0,233
6.0,141.0,3
6.0,140.0,294
6.0,136.7939,1214
6.0,136.0,4
6.0,116.0,282
6.0,115.0,831
6.0,132.1,87
6.0,132.0,40
6.0,131.0,12
6.0,130.7,36
6.0,130.35654,51
6.0,130.0,360
6.0,129.0,168
6.0,128.7472,36
6.0,128.0,29
6.0,161.6,105
6.0,161.0,33
6.0,160.934,16071
6.0,160.0,131
6.0,159.0,125
6.0,126.0,1
6.0,125.0,623
6.0,153.0,1440
6.0,152.8873,3
6.0,151.0,109
6.0,150.0,28
6.0,149.0,57
6.0,148.0,36
6.0,147.0,163
6.0,146.0,96
6.0,145.0,259
6.0,170.2,82
6.0,170.0,226
6.0,168.9807,51
6.0,168.658832,18
6.0,168.0,123
6.0,135.0,6
6.0,133.0,3
6.0,166.0,75
6.0,165.0,199
6.0,164.6,113
6.0,164.15268,19
6.0,164.0,13
6.0,162.7,5
6.0,162.6,1
6.0,162.54334,28
6.0,162.0,4
6.0,190.0,3
6.0,184.0,145
6.0,182.5,2
6.0,182.4,13
6.0,180.24608,33
6.0,158.51999,21
6.0,157.3,19
6.0,178.0,287
6.0,177.0274,32
6.0,177.0,3501
6.0,175.0,8
6.0,174.0,10
6.0,173.80872,233
6.0,172.0,75
6.0,171.0,43
6.0,170.59004,21
6.0,220.0,8
6.0,217.2609,23
6.0,214.0,68
6.0,212.0,287
6.0,210.0,43
6.0,167.2,118
6.0,167.0,41
6.0,206.5,107
6.0,206.0,9
6.0,205.99552,2
6.0,203.0,41
6.0,200.0,1133
6.0,198.0,5
6.0,196.0,4
6.0,194.0,2
6.0,193.1208,7
6.0,249.4477,8
6.0,248.0,2
6.0,240.0,44
6.0,238.18232,33
6.0,235.0,41
6.0,180.0,14
6.0,178.63674,46
6.0,230.13562,17
6.0,230.0,689
6.0,229.0,28
6.0,227.0,5
6.0,226.0,5
6.0,225.5,9
6.0,225.3076,6
6.0,225.0,4
6.0,222.0,22
6.0,303.0,10
6.0,300.0,32
6.0,299.33724,1
6.0,299.0,14
6.0,295.0,15
6.0,208.0,72
6.0,207.0,21
6.0,288.9,6
6.0,287.0,4
6.0,285.0,1
6.0,276.0,10
6.0,275.0,7
6.0,270.0,3
6.0,263.0,22
6.0,256.0,2
6.0,250.0,1311
6.0,337.9614,5
6.0,337.0,10
6.0,333.0,34
6.0,327.0,9
6.0,325.08668,125
6.0,234.96364,105
6.0,233.3543,82
6.0,320.0,102
6.0,319.0,1
6.0,312.8,2
6.0,311.7,3
6.0,309.5,4
6.0,308.0,4
6.0,306.0,5
6.0,305.7746,41
6.0,305.0,14
6.0,427.2,6
6.0,426.4,6
6.0,426.0,2
6.0,425.3,8
6.0,424.0,1
6.0,292.4,14
6.0,292.0,45
6.0,402.335,72
6.0,400.0,59
6.0,371.2,10
6.0,370.0,19
6.0,369.0,2
6.0,367.0,17
6.0,362.0,2
6.0,344.559694,5
6.0,341.18008,7
6.0,888.0,4
6.0,712.0,8
6.0,691.0,17
6.0,580.0,6
6.0,555.0,2
6.0,323.0,71
6.0,321.868,71
6.0,436.1,6
6.0,436.0,3
6.0,431.30312,162
6.0,5061.0,1
6.0,5036.0,21
6.0,4487.0,45
6.0,1609.34,18
6.0,1550.0,7
6.0,1528.0,2
6.0,1521.0,13
6.0,1157.0,4
6.0,1002.0,4
6.0,1000.0,71
6.0,989.7441,8
6.0,423.0,4
6.0,402.5,4
6.0,48.7,100
6.0,48.5,51
6.0,48.3,290
6.0,48.2802,661
6.0,48.0,10084
6.0,47.8,333
6.0,47.7,171
6.0,47.5,658
6.0,47.4,12
6.0,51.9,268
6.0,51.8,406
6.0,51.7,43
6.0,51.5,49
6.0,51.49888,2894
6.0,46.4,56
6.0,46.348992,295
6.0,45.06152,1206
6.0,45.4,377
7.0,353.2,15
7.0,354.0,31
7.0,356.0,28
7.0,390.0,103
7.0,402.335,34
7.0,410.0,5
7.0,430.0,7
7.0,431.30312,11
7.0,442.0,12
7.0,444.0,6
7.0,470.0,2
7.0,514.9888,12
7.0,518.0,16
7.0,521.0,8
7.0,533.0,35
7.0,260.0,7
7.0,622.0,215
7.0,624.0,38
7.0,643.0,9
7.0,740.0,1
7.0,903.0,4
7.0,1025.0,5
7.0,46.6,334
7.0,46.7,6
7.0,46.9,18
7.0,47.0,4550
7.0,49.3,224
7.0,45.06152,36
7.0,45.1,38
7.0,45.2,68
7.0,45.25,147
7.0,1521.0,1
7.0,47.5,479
7.0,48.0,4327
7.0,48.1,189
7.0,48.2802,2421
7.0,48.5,49
7.0,48.6,137
7.0,48.763002,74
7.0,49.0,1926
7.0,49.1,3
7.0,49.2,81
7.0,54.2,162
7.0,49.6,632
7.0,49.8,194
7.0,49.88954,1648
7.0,50.0,69611
7.0,45.3,9
7.0,50.4,73
7.0,50.5,98
7.0,50.9,68
7.0,51.0,7113
7.0,51.4,104
7.0,51.49888,176
7.0,51.6,99
7.0,51.659814000000004,13
7.0,51.8,49
7.0,52.0,7421
7.0,56.3,32
7.0,52.3,168
7.0,52.30355,23
7.0,52.464484,222
7.0,52.5,1393
7.0,47.1,8
7.0,53.0,2516
7.0,53.1,151
7.0,53.2,69
7.0,53.3,170
7.0,53.4,13
7.0,53.5,14
7.0,53.8,143
7.0,53.9,82
7.0,54.0,1714
7.0,54.073824,24
7.0,59.5,54
7.0,54.3,77
7.0,54.4,53
7.0,54.5,118
7.0,54.71756,100
7.0,50.1,72
7.0,55.0,27175
7.0,55.2,16
7.0,55.200362,96
7.0,55.3,184
7.0,55.361295999999996,68
7.0,55.5,6
7.0,55.6,47
7.0,55.8,9
7.0,56.0,4677
7.0,56.2,57
7.0,62.5,24
7.0,56.3269,43
7.0,56.7,19
7.0,56.8,15
7.0,57.0,5815
7.0,52.8,52
7.0,57.5,27
7.0,57.6465588,63
7.0,57.7,19
7.0,57.8,191
7.0,57.93624,153
7.0,58.0,3302
7.0,58.1,57
7.0,58.7,62
7.0,58.8,14
7.0,59.0,1367
7.0,65.822006,23
7.0,59.54558,80
7.0,59.867448,14
7.0,60.0,9525
7.0,60.1,59
7.0,54.8,185
7.0,61.0,4744
7.0,61.15492,25
7.0,61.2,26
7.0,61.3,93
7.0,61.4,12
7.0,61.5,19
7.0,61.8,22
7.0,61.95959,12
7.0,62.0,3134
7.0,62.3,403
7.0,69.0,2612
7.0,62.76426,6
7.0,63.0,5647
7.0,63.3,15
7.0,63.8,261
7.0,57.3,27
7.0,64.3736,1476
7.0,64.5,243
7.0,64.7,60
7.0,64.8,258
7.0,65.0,13118
7.0,65.1,187
7.0,65.17827,14
7.0,65.2,27
7.0,65.5,1216
7.0,65.6,71
7.0,74.3,13
7.0,66.0,1684
7.0,66.1,64
7.0,66.4,67
7.0,66.46574199999999,25
7.0,60.35025,29
7.0,66.8,91
7.0,66.9,13
7.0,67.0,5126
7.0,67.3,47
7.0,67.4,43
7.0,67.5,668
7.0,67.59228,127
7.0,67.9,20
7.0,68.0,5615
7.0,68.8,66
7.0,77.5,471
7.0,69.5,38
7.0,70.0,7593
7.0,70.3,298
7.0,70.6,3
7.0,64.0,2947
7.0,71.0,127
7.0,71.5,221
7.0,71.61563,87
7.0,71.77656400000001,12
7.0,72.0,2544
7.0,72.4203,303
7.0,72.5,28
7.0,72.742168,12
7.0,73.0,4087
7.0,74.0,748
7.0,82.0,899
7.0,74.6,14
7.0,74.7,10
7.0,75.0,3661
7.0,75.1,90
7.0,66.6,3
7.0,76.0,1042
7.0,76.1,932
7.0,76.3,78
7.0,76.44365,13
7.0,76.604584,183
7.0,76.7,52
7.0,76.9,61
7.0,77.0,1309
7.0,77.087386,13
7.0,77.24832,56
7.0,84.2,86
7.0,77.8,15
7.0,78.0,6252
7.0,78.2,62
7.0,78.535792,23
7.0,70.7,59
7.0,79.0,380
7.0,79.1,583
7.0,79.3,81
7.0,79.4,593
7.0,80.0,7587
7.0,80.14513199999999,11
7.0,80.467,21124
7.0,80.8,353
7.0,81.0,774
7.0,81.5,280
7.0,88.0,2544
7.0,82.07634,80
7.0,82.1,7
7.0,82.2,21
7.0,82.6,28
7.0,75.47804599999999,12
7.0,82.88101,465
7.0,83.0,2137
7.0,83.041944,74
7.0,83.2,54
7.0,83.3,106
7.0,83.524746,12
7.0,83.68568,389
7.0,84.0,451
7.0,84.1,60
7.0,84.168482,10
7.0,95.2,31
7.0,84.329416,297
7.0,84.49035,11
7.0,84.9,314
7.0,85.0,2482
7.0,78.85766,11
7.0,85.455954,12
7.0,85.938756,5
7.0,86.0,1577
7.0,86.260624,12
7.0,86.3,96
7.0,86.5,14
7.0,86.90436,53
7.0,87.0,927
7.0,87.226228,13
7.0,87.8,20
7.0,102.0,712
7.0,88.19183199999999,12
7.0,88.5137,2
7.0,89.0,71
7.0,89.801172,10
7.0,82.72007599999999,13
7.0,90.1,65
7.0,90.2,137
7.0,90.5,24
7.0,90.9,13
7.0,92.0,1787
7.0,93.0,337
7.0,94.0,508
7.0,94.5,36
7.0,94.6,24
7.0,95.0,416
7.0,108.4,97
7.0,96.0,802
7.0,96.7,66
7.0,97.0,251
7.0,97.4,110
7.0,85.29502,137
7.0,98.4,165
7.0,98.7,27
7.0,98.9,393
7.0,99.0,120
7.0,99.6,61
7.0,100.0,43614
7.0,100.5,26
7.0,101.0,3369
7.0,101.6,47
7.0,101.9,131
7.0,118.5,7
7.0,102.99776,44
7.0,103.0,2206
7.0,103.5,435
7.0,104.0,570
7.0,90.0,1434
7.0,105.2,1
7.0,105.4,4
7.0,105.8,2
7.0,106.0,408
7.0,106.3,84
7.0,107.0,736
7.0,107.5,140
7.0,107.82578,8
7.0,107.9,517
7.0,108.0,788
7.0,131.0,30
7.0,109.0,517
7.0,110.0,6238
7.0,111.0,1771
7.0,111.5,1
7.0,98.0,153
7.0,112.5,100
7.0,112.6538,392
7.0,114.0,650
7.0,114.26313999999999,204
7.0,115.0,412
7.0,115.87248,190
7.0,116.0,182
7.0,117.0,103
7.0,117.48182,40
7.0,118.0,267
7.0,154.0,11
7.0,120.0,422
7.0,120.7005,41
7.0,121.0,452
7.0,122.0,229
7.0,105.0,3518
7.0,123.0,91
7.0,125.0,667
7.0,125.5,10
7.0,126.0,234
7.0,126.6,89
7.0,127.13786,3
7.0,127.5,20
7.0,128.0,64
7.0,130.0,1335
7.0,130.8,8
7.0,166.083888,38
7.0,131.7,297
7.0,132.0,466
7.0,133.0,92
7.0,134.0,239
7.0,112.0,1607
7.0,136.0,6
7.0,137.0,29
7.0,140.0,676
7.0,141.0,174
7.0,142.8,10
7.0,146.0,141
7.0,147.0,7
7.0,150.0,21
7.0,152.0,275
7.0,153.0,44
7.0,182.0,9
7.0,155.0,24
7.0,156.0,336
7.0,158.0,38
7.0,160.0,275
7.0,122.5,85
7.0,161.0,256
7.0,162.0,476
7.0,163.0,14
7.0,163.6,970
7.0,164.0,286
7.0,164.15268,448
7.0,165.0,320
7.0,165.5,5
7.0,165.76202,134
7.0,166.0,79
7.0,212.0,17
7.0,167.0,266
7.0,167.37136,49
7.0,168.0,1573
7.0,168.1,37
7.0,135.0,379
7.0,170.59004,30
7.0,171.0,98
7.0,172.0,537
7.0,173.0,1
7.0,174.0,76
7.0,175.0,1136
7.0,177.0,133
7.0,179.0,364
7.0,180.0,205
7.0,181.0,15
7.0,241.401,11
7.0,184.8,4
7.0,185.0,6
7.0,188.0,79
7.0,192.0,187
7.0,160.934,11654
7.0,200.0,361
7.0,201.0,18
7.0,202.0,24
7.0,204.0,32
7.0,205.99552,4
7.0,206.0,1
7.0,206.5,71
7.0,207.8,7
7.0,208.0,52
7.0,210.82354,75
7.0,329.9147,24
7.0,212.43288,15
7.0,214.0,51
7.0,215.0,4
7.0,217.2609,943
7.0,170.0,1026
7.0,222.0,6
7.0,225.0,18
7.0,230.0,264
7.0,230.13562,32
7.0,233.0,259
7.0,233.3543,119
7.0,234.0,12
7.0,235.0,236
7.0,238.0,88
7.0,240.0,683
7.0,500.0,463
7.0,243.0,45
7.0,245.0,18
7.0,246.0,8
7.0,250.0,731
7.0,194.0,23
7.0,263.0,190
7.0,266.0,49
7.0,280.0,16
7.0,281.0,122
7.0,300.0,31
7.0,321.868,5
7.0,322.0,6
7.0,323.0,228
7.0,324.0,178
7.0,326.0,76
7.0,1369.0,5
7.0,338.0,1
7.0,344.0,9
7.0,350.0,226
7.0,352.0,23
7.0,220.0,56
7.0,45.5,1102
7.0,45.6,2777
7.0,45.7,162
7.0,45.8,214
7.0,45.9,66
7.0,46.0,5138
7.0,46.1,469
7.0,46.2,4
7.0,46.3,5
7.0,46.4,345
7.0,52.2,252
7.0,537.0,206
7.0,545.0,9
7.0,550.0,10
7.0,560.0,9
7.0,572.0,4
7.0,45.0,13836
7.0,46.5,218
8.0,555.0,3
8.0,567.0,4
8.0,572.0,2
8.0,582.0,7
8.0,324.0,54
8.0,325.0,12
8.0,331.0,12
8.0,331.52404,473
8.0,333.0,103
8.0,337.0,58
8.0,342.0,2
8.0,344.39876,62
8.0,346.0081,68
8.0,350.0,9
8.0,358.0,6
8.0,2741.0,12
8.0,2677.0,3
8.0,4958.054672,6
8.0,4964.8139,8
8.0,5157.451897999999,8
8.0,5315.65002,2
8.0,400.0,79
8.0,409.0,42
8.0,410.0,61
8.0,415.0,4
8.0,420.6,24
8.0,422.0,6
8.0,430.0,8
8.0,432.7,17
8.0,444.0,10
8.0,500.0,23
8.0,43.291246,14
8.0,45.0,11750
8.0,45.06152,192
8.0,46.4,125
8.0,46.5,379
8.0,46.6,93
8.0,46.67086,80
8.0,46.7,12
8.0,48.2802,1822
8.0,48.3,57
8.0,48.5,107
8.0,48.6,115
8.0,49.0,4154
8.0,45.18,39
8.0,45.2,200
8.0,45.222454,57
8.0,45.3,249
8.0,45.5,186
8.0,45.6,8
8.0,45.7,33
8.0,45.8,8
8.0,46.0,4048
8.0,46.1,90
8.0,46.3,8
8.0,51.3,130
8.0,51.49888,1115
8.0,51.5,349
8.0,51.7,21
8.0,51.8,175
8.0,46.831794,13
8.0,46.9,4
8.0,47.0,1854
8.0,47.3,35
8.0,47.5,16
8.0,47.7,8
8.0,47.797398,670
8.0,47.8,57
8.0,48.0,3672
8.0,48.1,16
8.0,48.119265999999996,13
8.0,53.5,71
8.0,53.7,63
8.0,53.751956,43
8.0,53.8,268
8.0,53.9,12
8.0,49.1,23
8.0,49.5,51
8.0,49.88954,111
8.0,50.0,66841
8.0,50.1,38
8.0,50.2,50
8.0,50.5,27
8.0,50.6,15
8.0,50.69421,1883
8.0,50.8,246
8.0,51.0,2038
8.0,56.3269,709
8.0,56.648768000000004,14
8.0,56.7,99
8.0,57.0,1678
8.0,57.1,58
8.0,52.0,9686
8.0,52.1,25
8.0,52.30355,193
8.0,52.4,60
8.0,52.5,445
8.0,52.7,150
8.0,52.8,338
8.0,52.9,6
8.0,53.0,6538
8.0,53.2,21
8.0,53.3,53
8.0,58.74091,578
8.0,58.8,10
8.0,58.9,5
8.0,59.0,704
8.0,59.1,226
8.0,53.91289,4
8.0,54.0,2699
8.0,54.073824,20
8.0,54.1,238
8.0,54.6,207
8.0,54.71756,211
8.0,55.0,13406
8.0,55.683164000000005,15
8.0,55.7,12
8.0,56.0,5410
8.0,56.1,6
8.0,62.0,1693
8.0,62.5,24
8.0,62.76426,27
8.0,62.9,224
8.0,63.0,3200
8.0,57.131569999999996,298
8.0,57.2,6
8.0,57.4,70
8.0,57.453438000000006,94
8.0,57.6,7
8.0,57.93624,606
8.0,58.0,1453
8.0,58.1,41
8.0,58.5,42
8.0,58.6,54
8.0,58.7,17
8.0,65.0,3626
8.0,65.3,79
8.0,65.6,41
8.0,65.7,46
8.0,66.0,856
8.0,59.2,67
8.0,59.54558,103
8.0,60.0,7870
8.0,60.3,13
8.0,60.35025,17
8.0,60.5,85
8.0,61.0,1420
8.0,61.15492,368
8.0,61.3,57
8.0,61.8,100
8.0,61.9,118
8.0,68.4,60
8.0,68.5,187
8.0,68.557884,14
8.0,68.8,41
8.0,69.0,3422
8.0,63.1,3
8.0,63.24706199999999,58
8.0,63.3,32
8.0,63.4,124
8.0,63.42,14
8.0,63.5,168
8.0,63.7,115
8.0,64.0,2317
8.0,64.2,24
8.0,64.3736,1374
8.0,64.6,42
8.0,71.0,1108
8.0,71.4,60
8.0,71.5,44
8.0,71.61563,26
8.0,71.7,35
8.0,66.7,164
8.0,66.8,171
8.0,67.0,736
8.0,67.270412,12
8.0,67.5,43
8.0,67.59228,715
8.0,67.8,12
8.0,68.0,79
8.0,68.2,310
8.0,68.23601599999999,13
8.0,68.3,170
8.0,74.8,124
8.0,75.0,3870
8.0,75.2,63
8.0,75.63898,38
8.0,75.960848,12
8.0,69.20162,510
8.0,69.3,430
8.0,69.845356,36
8.0,70.0,5360
8.0,70.1,18
8.0,70.3,42
8.0,70.4,25
8.0,70.5,13
8.0,70.8,451
8.0,70.81096,306
8.0,70.9,46
8.0,78.2,35
8.0,78.5,64
8.0,78.535792,12
8.0,78.85766,11
8.0,79.0,177
8.0,71.8,25
8.0,72.0,1705
8.0,72.2,46
8.0,72.4203,255
8.0,73.0,577
8.0,73.2,44
8.0,73.4,39
8.0,73.54683800000001,13
8.0,74.0,646
8.0,74.02964,70
8.0,74.35150800000001,13
8.0,82.0,1526
8.0,82.2,19
8.0,82.237274,26
8.0,82.5,338
8.0,82.6,940
8.0,76.0,582
8.0,76.3,11
8.0,76.4,50
8.0,76.7,431
8.0,76.9,38
8.0,77.0,1478
8.0,77.24832,167
8.0,77.6,59
8.0,77.9,27
8.0,78.0,450
8.0,78.05299,13
8.0,85.3,108
8.0,85.6,38
8.0,86.0,904
8.0,86.3,13
8.0,86.5,1174
8.0,79.1,74
8.0,79.5,14
8.0,80.0,8236
8.0,80.3,855
8.0,80.467,10686
8.0,80.5,19
8.0,80.7,112
8.0,80.94980199999999,13
8.0,81.0,1865
8.0,81.432604,13
8.0,81.59353800000001,13
8.0,90.1,3
8.0,90.12304,41
8.0,90.3,134
8.0,91.0,4
8.0,91.5,67
8.0,82.7,128
8.0,83.0,76
8.0,83.363812,12
8.0,83.68568,118
8.0,83.7,143
8.0,83.9,70
8.0,84.0,1824
8.0,84.4,45
8.0,84.6,44
8.0,85.0,1304
8.0,85.29502,238
8.0,96.6,30
8.0,97.0,59
8.0,98.0,3822
8.0,98.4,277
8.0,99.0,119
8.0,86.582492,12
8.0,86.8,10
8.0,86.90436,11
8.0,87.0,1243
8.0,87.38716199999999,11
8.0,87.4,5
8.0,88.0,184
8.0,88.352766,12
8.0,89.0,1235
8.0,89.3,3
8.0,90.0,5973
8.0,103.4,12
8.0,103.6,242
8.0,103.8,114
8.0,104.0,355
8.0,104.4,100
8.0,92.0,278
8.0,92.1,8
8.0,93.0,180
8.0,93.180786,12
8.0,93.34172,76
8.0,93.5,56
8.0,93.985456,12
8.0,95.0,782
8.0,95.3,68
8.0,96.0,459
8.0,96.5604,209
8.0,107.82578,1
8.0,108.0,295
8.0,109.0,418
8.0,109.43512,2
8.0,110.0,1139
8.0,99.493,23
8.0,100.0,24701
8.0,100.4,73
8.0,101.0,10054
8.0,101.38842,20
8.0,101.7,26
8.0,102.0,1520
8.0,102.5,52
8.0,102.6,3
8.0,102.99776,462
8.0,103.0,375
8.0,118.0,12
8.0,118.3,41
8.0,119.0,6374
8.0,120.0,1147
8.0,120.7005,156
8.0,104.6071,13
8.0,104.9,2
8.0,105.0,1323
8.0,105.5,31
8.0,105.733638,16
8.0,106.0,124
8.0,106.4,66
8.0,106.5,43
8.0,107.0,85
8.0,107.7,25
8.0,107.8,13
8.0,127.0,3
8.0,127.13786,3
8.0,128.7,15
8.0,128.9,6
8.0,129.0,80
8.0,110.1,13
8.0,110.7,28
8.0,111.0,499
8.0,111.2,36
8.0,112.0,173
8.0,112.6538,305
8.0,114.0,627
8.0,114.42407399999999,13
8.0,115.2,13
8.0,117.0,429
8.0,117.5,4
8.0,138.8,6
8.0,140.0,27
8.0,144.0,1242
8.0,145.0,2511
8.0,147.0,7
8.0,121.0,34
8.0,122.0,82
8.0,122.2,387
8.0,122.3,58
8.0,123.0,81
8.0,123.1,358
8.0,124.0,700
8.0,124.7,71
8.0,125.0,1438
8.0,126.0,14
8.0,126.6,25
8.0,159.4,3
8.0,160.0,2983
8.0,160.934,14314
8.0,162.0,298
8.0,163.0,1113
8.0,130.0,640
8.0,131.96588,153
8.0,132.0,93
8.0,133.0,33
8.0,135.0,41
8.0,136.0,249
8.0,136.7939,378
8.0,137.0,39
8.0,137.6,6
8.0,138.0,40
8.0,138.40324,434
8.0,168.9807,9
8.0,169.0,1491
8.0,170.0,4020
8.0,170.59004,7
8.0,171.0,1286
8.0,148.0,29
8.0,149.0,963
8.0,149.4,21
8.0,150.0,545
8.0,154.0,1
8.0,155.0,1864
8.0,157.0,64
8.0,157.1,50
8.0,158.0,7
8.0,159.0,72
8.0,159.32466,31
8.0,204.064312,43
8.0,206.5,1
8.0,207.0,30
8.0,207.8,11
8.0,208.0,19
8.0,164.0,155
8.0,164.15268,97
8.0,164.95735,45
8.0,165.0,958
8.0,165.2,61
8.0,165.601086,311
8.0,165.76202,555
8.0,166.0,1713
8.0,167.37136,10
8.0,167.5,240
8.0,168.0,1445
8.0,225.0,8
8.0,225.3076,32
8.0,230.0,82
8.0,238.0,12
8.0,241.401,7
8.0,172.0,13
8.0,173.7,52
8.0,174.0,10
8.0,177.0274,68
8.0,180.0,14
8.0,180.24608,2
8.0,183.0,315
8.0,193.1208,541
8.0,193.9,4
8.0,200.0,422
8.0,201.0,175
8.0,292.7,5
8.0,296.11856,61
8.0,300.0,5
8.0,316.0,6
8.0,321.868,161
8.0,209.2142,173
8.0,210.0,39
8.0,211.5,2
8.0,214.0,6
8.0,215.0,26
8.0,217.2609,51
8.0,217.7,186
8.0,218.0,43
8.0,220.0,11
8.0,222.0,25
8.0,224.0,80
8.0,360.0,9
8.0,362.1015,11
8.0,373.0,7
8.0,378.1949,25
8.0,390.2,39
8.0,246.0,91
8.0,250.0,913
8.0,252.0,5
8.0,257.4944,6
8.0,261.0,1
8.0,263.0,27
8.0,263.93176,5
8.0,273.0,47
8.0,280.0,9
8.0,281.0,20
8.0,291.29054,5
8.0,550.0,1
8.0,1150.0,43
8.0,1151.0,23
8.0,1190.0,54
8.0,1192.0,21
8.0,1319.0,40
8.0,1609.34,15
8.0,1023.0,24
8.0,1000.0,25
8.0,900.0,11
8.0,640.0,18
8.0,521.0,6
9.0,47.9,190
9.0,48.0,4715
9.0,48.2,198
9.0,48.2802,1302
9.0,45.5,589
9.0,1150.0,37
9.0,1195.7,11
9.0,1203.0,21
9.0,1204.0,35
9.0,1205.0,29
9.0,1292.0,8
9.0,1315.0,21
9.0,1334.0,15
9.0,1521.0,1
9.0,1609.34,18
9.0,2092.142,5
9.0,46.4,644
9.0,46.5,510
9.0,46.6,156
9.0,46.67086,31
9.0,46.7,145
9.0,46.8,163
9.0,46.9,9
9.0,47.0,3001
9.0,47.6,106
9.0,45.4,32
9.0,45.3,259
9.0,45.2,76
9.0,45.18,15
9.0,45.1,181
9.0,45.06152,29
9.0,47.8,15
9.0,50.2,214
9.0,50.3,2533
9.0,50.5,276
9.0,50.69421,15
9.0,50.7,279
9.0,50.8,82
9.0,50.9,198
9.0,51.0,5082
9.0,51.1,227
9.0,51.2,194
9.0,51.3,94
9.0,51.4,1114
9.0,51.49888,545
9.0,51.5,418
9.0,51.7,917
9.0,51.8,722
9.0,51.9,253
9.0,52.0,6039
9.0,52.1,56
9.0,52.142616,45
9.0,52.2,2529
9.0,52.3,238
9.0,52.4,45
9.0,52.5,105
9.0,52.6,45
9.0,52.7,57
9.0,52.8,102
9.0,52.9,52
9.0,53.0,8894
9.0,53.10822,271
9.0,53.3,202
9.0,53.4,112
9.0,53.5,46
9.0,53.7,37
9.0,53.8,55
9.0,53.9,267
9.0,54.0,4979
9.0,54.073824,106
9.0,54.2,321
9.0,54.3,71
9.0,54.5,65
9.0,54.6,7
9.0,54.71756,173
9.0,54.8,30
9.0,54.9,77
9.0,55.0,7099
9.0,55.2,193
9.0,55.3,79
9.0,55.4,76
9.0,55.5,56
9.0,55.683164000000005,50
9.0,55.7,154
9.0,55.8,26
9.0,55.9,28
9.0,56.0,6121
9.0,56.2,453
9.0,56.3269,2123
9.0,56.5,374
9.0,56.6,116
9.0,56.7,33
9.0,56.8,87
9.0,56.9,16
9.0,57.0,4207
9.0,57.1,2
9.0,57.2,212
9.0,57.3,26
9.0,57.4,53
9.0,57.453438000000006,73
9.0,57.5,124
9.0,57.6,103
9.0,57.614371999999996,19
9.0,57.7,63
9.0,57.8,30
9.0,57.93624,202
9.0,58.0,2861
9.0,58.2,116
9.0,58.3,113
9.0,58.5,16
9.0,58.579975999999995,67
9.0,58.6,64
9.0,58.9,10
9.0,59.0,2307
9.0,59.1,40
9.0,59.2,2
9.0,59.3,29
9.0,59.7,133
9.0,60.0,16436
9.0,60.2,288
9.0,60.35025,20
9.0,60.4,35
9.0,60.5,83
9.0,60.6,475
9.0,60.7,455
9.0,60.9,69
9.0,61.0,1174
9.0,61.1,65
9.0,61.15492,109
9.0,61.3,21
9.0,61.4,127
9.0,61.8,308
9.0,62.0,4276
9.0,62.1,30
9.0,62.4,2
9.0,62.5,35
9.0,62.76426,552
9.0,62.8,30
9.0,62.9,270
9.0,63.0,2166
9.0,63.1,2
9.0,63.25,41
9.0,63.3,179
9.0,63.4,49
9.0,63.5,481
9.0,63.6,16
9.0,63.8,27
9.0,64.0,4245
9.0,64.2,512
9.0,64.3,43
9.0,64.3736,1916
9.0,64.4,68
9.0,64.5,70
9.0,64.7,2
9.0,64.8,467
9.0,65.0,6164
9.0,65.1,30
9.0,65.2,38
9.0,65.3,47
9.0,65.4,26
9.0,65.6,171
9.0,65.7,112
9.0,65.9,46
9.0,65.98294,292
9.0,66.0,3661
9.0,66.3,9
9.0,66.54,14
9.0,66.9,49
9.0,67.0,1865
9.0,67.3,324
9.0,67.4,26
9.0,67.5,392
9.0,67.59228,50
9.0,68.0,2327
9.0,68.2,28
9.0,68.3,166
9.0,68.7,64
9.0,68.8,47
9.0,69.0,241
9.0,69.2,9
9.0,69.3,98
9.0,69.4,73
9.0,69.5,11
9.0,69.6,38
9.0,69.7,47
9.0,69.8,26
9.0,69.845356,19
9.0,69.85,12
9.0,70.0,4148
9.0,70.2,18
9.0,70.5,36
9.0,70.7,15
9.0,70.8,23
9.0,70.81096,467
9.0,71.0,346
9.0,71.3,2
9.0,71.454696,5
9.0,71.5,326
9.0,71.6,45
9.0,71.61563,16
9.0,72.0,2624
9.0,72.3,16
9.0,72.4,39
9.0,72.4203,354
9.0,72.6,30
9.0,72.9,33
9.0,73.0,1082
9.0,73.2,25
9.0,73.3,18
9.0,73.7,25
9.0,73.8,153
9.0,74.0,387
9.0,74.02964,324
9.0,74.2,1
9.0,74.3,84
9.0,74.5,34
9.0,74.7,181
9.0,75.0,3890
9.0,75.1,251
9.0,75.3,8
9.0,75.5,15
9.0,75.63898,397
9.0,75.9,162
9.0,76.0,51
9.0,76.7,761
9.0,77.0,259
9.0,77.2,120
9.0,77.7,18
9.0,77.9,70
9.0,78.0,146
9.0,78.5,15
9.0,78.8,2
9.0,79.0,88
9.0,79.2,106
9.0,79.3,65
9.0,79.5,33
9.0,79.9,99
9.0,80.0,5434
9.0,80.467,21453
9.0,80.7,105
9.0,81.0,1546
9.0,81.3,83
9.0,81.5,93
9.0,81.6,143
9.0,81.7,57
9.0,81.915406,120
9.0,82.0,1154
9.0,82.07634,70
9.0,82.4,2
9.0,82.6,33
9.0,82.7,16
9.0,82.8,14
9.0,82.9,17
9.0,83.0,1740
9.0,83.2,122
9.0,83.3,33
9.0,83.5,9
9.0,84.0,779
9.0,84.2,1
9.0,84.329416,61
9.0,84.4,16
9.0,84.5,192
9.0,84.6,12
9.0,84.8,35
9.0,84.9,53
9.0,85.0,2426
9.0,85.29502,79
9.0,85.3,42
9.0,85.4,64
9.0,85.6,324
9.0,85.616888,317
9.0,85.9,9
9.0,86.0,3094
9.0,87.0,68
9.0,87.6,16
9.0,88.0,3014
9.0,88.2,2
9.0,88.5137,67
9.0,88.9,23
9.0,89.0,598
9.0,89.1,11
9.0,89.7,5
9.0,90.0,1994
9.0,90.3,26
9.0,90.8,35
9.0,91.0,296
9.0,91.73238,73
9.0,92.0,101
9.0,92.7,48
9.0,92.9,59
9.0,93.0,124
9.0,93.1,17
9.0,93.34172,71
9.0,94.0,260
9.0,94.2,19
9.0,94.5,16
9.0,94.7,13
9.0,95.0,116
9.0,96.0,836
9.0,96.5604,522
9.0,96.6,5
9.0,97.0,248
9.0,97.4,28
9.0,98.0,155
9.0,98.4,70
9.0,99.0,95
9.0,99.6,135
9.0,99.77908,512
9.0,100.0,68057
9.0,100.1,145
9.0,100.4,22
9.0,100.7,20
9.0,100.8,244
9.0,101.0,3967
9.0,101.2,42
9.0,101.5,236
9.0,101.6,544
9.0,101.7,20
9.0,102.0,858
9.0,102.1,47
9.0,102.19309,23
9.0,102.2,12
9.0,102.3,93
9.0,102.5,89
9.0,103.0,1594
9.0,103.2,97
9.0,103.4,1586
9.0,103.5,24
9.0,104.0,329
9.0,104.3,11
9.0,104.4,51
9.0,105.0,2468
9.0,105.5,197
9.0,105.6,15
9.0,105.7,18
9.0,105.733638,9
9.0,106.0,831
9.0,106.21644,6
9.0,106.4,86
9.0,107.0,159
9.0,107.7,40
9.0,107.8,4
9.0,108.0,730
9.0,108.1,28
9.0,108.6,214
9.0,109.0,386
9.0,110.0,6321
9.0,111.0,726
9.0,111.3,144
9.0,111.6,36
9.0,112.0,382
9.0,112.6538,58
9.0,113.0,130
9.0,113.45847,30
9.0,113.8,1
9.0,114.0,203
9.0,114.42407399999999,262
9.0,115.0,164
9.0,115.87248,182
9.0,116.0,301
9.0,116.8,43
9.0,117.0,18
9.0,117.48182,222
9.0,118.0,8
9.0,119.0,78
9.0,119.09116,11
9.0,119.1,82
9.0,120.0,1312
9.0,120.7005,74
9.0,121.0,43
9.0,122.0,893
9.0,123.0,148
9.0,124.0,7
9.0,125.0,1099
9.0,127.0,169
9.0,127.2,19
9.0,128.0,73
9.0,128.8,61
9.0,129.0,1209
9.0,129.6,15
9.0,129.8,62
9.0,130.0,1100
9.0,131.0,21
9.0,132.0,135
9.0,132.7,4
9.0,134.0,8
9.0,134.3,20
9.0,140.0,358
9.0,141.0,166
9.0,142.0,131
9.0,143.0,857
9.0,144.0,265
9.0,144.8406,95
9.0,145.0,222
9.0,147.0,75
9.0,148.4,15
9.0,150.0,130
9.0,153.0,51
9.0,153.8,6
9.0,156.0,158
9.0,157.0,17
9.0,158.0,73
9.0,158.4,94
9.0,158.8,27
9.0,159.6,12
9.0,160.0,373
9.0,160.934,20227
9.0,161.0,296
9.0,162.0,20
9.0,162.54334,1
9.0,163.0,33
9.0,164.0,123
9.0,164.15268,382
9.0,164.4,12
9.0,165.0,342
9.0,166.0,19
9.0,167.0,200
9.0,167.37136,157
9.0,167.7,1518
9.0,168.0,1220
9.0,170.0,899
9.0,170.3,356
9.0,170.59004,441
9.0,171.0,3285
9.0,172.0,32
9.0,173.0,5
9.0,174.4,2
9.0,175.0,158
9.0,175.5,13
9.0,176.0,373
9.0,177.0274,35
9.0,178.63674,5
9.0,180.0,174
9.0,181.0,6
9.0,183.0,33
9.0,184.0,8
9.0,185.0,12
9.0,190.0,74
9.0,193.0,179
9.0,196.3,44
9.0,198.0,2
9.0,199.0,4
9.0,199.55816,3
9.0,200.0,198
9.0,201.0,4
9.0,203.0,175
9.0,204.0,213
9.0,205.0,50
9.0,206.0,16
9.0,208.0,4
9.0,210.0,82
9.0,210.82354,79
9.0,212.0,11
9.0,215.0,4
9.0,217.2609,174
9.0,218.0,22
9.0,220.0,164
9.0,225.0,9
9.0,230.0,73
9.0,240.0,300
9.0,243.0,15
9.0,245.0,26
9.0,245.3,797
9.0,246.0,700
9.0,247.0,710
9.0,248.0,21
9.0,250.0,381
9.0,251.0,102
9.0,251.05704,34
9.0,253.0,22
9.0,254.27572,10
9.0,255.0,572
9.0,257.4944,142
9.0,262.0,42
9.0,264.0,495
9.0,271.97846,155
9.0,273.0,360
9.0,273.5878,272
9.0,274.0,57
9.0,275.19714,32
9.0,276.0,390
9.0,285.0,373
9.0,292.0,28
9.0,293.0,554
9.0,295.0,47
9.0,296.0,11
9.0,296.11856,6
9.0,297.0,20
9.0,297.7279,87
9.0,298.0,12
9.0,300.0,354
9.0,303.0,392
9.0,305.0,358
9.0,308.0,634
9.0,311.0,137
9.0,312.0,156
9.0,314.0,120
9.0,320.0,302
9.0,321.868,22
9.0,325.08668,534
9.0,326.69602,9
9.0,330.0,3315
9.0,336.0,22
9.0,337.9614,3
9.0,342.0,16
9.0,343.0,9
9.0,344.0,27
9.0,347.61744,1
9.0,350.0,321
9.0,360.0,319
9.0,364.0,94
9.0,367.0,147
9.0,370.0,11
9.0,378.0,48
9.0,380.0,91
9.0,391.0,20
9.0,407.8,14
9.0,420.6,20
9.0,422.6,12
9.0,430.0,4
9.0,438.0,1
9.0,450.0,101
9.0,471.0,1
9.0,500.0,5
9.0,505.0,1
9.0,521.0,9
9.0,535.0,9
9.0,556.83164,12
9.0,572.0,3
9.0,600.0,21
9.0,620.0,12
9.0,623.0,18
9.0,625.0,25
9.0,640.0,5
9.0,665.0,23
9.0,710.0,1
9.0,795.9,24
9.0,935.0,2
9.0,1000.0,21
9.0,1001.0,12
9.0,1005.4,9
9.0,1126.538,32
9.0,1130.0,28
9.0,1149.0,28
9.0,48.3,196
9.0,48.4,82
9.0,48.5,100
9.0,48.7,374
9.0,48.8,9
9.0,49.0,1498
9.0,49.08487,96
9.0,49.2,211
9.0,49.4,16
9.0,49.5,37
9.0,49.6,450
9.0,49.7,29
9.0,49.8,548
9.0,49.88954,94
9.0,49.9,13
9.0,50.0,110903
9.0,47.7,265
9.0,47.636464000000004,102
9.0,46.3,81
9.0,46.2,237
9.0,46.1,59
9.0,46.0,4504
9.0,45.86619,83
9.0,45.8,34
9.0,45.6,157
9.0,45.0,16173
10.0,521.0,2
10.0,500.0,11
10.0,450.0,45
10.0,436.0,8
10.0,432.7,2
10.0,352.0,61
10.0,350.0,21
10.0,347.61744,5
10.0,344.0,19
10.0,342.0,16
10.0,333.0,39
10.0,327.0,5
10.0,326.69602,27
10.0,321.868,19
10.0,1440.3593,2
10.0,1225.6,12
10.0,1521.0,5
10.0,45.18,8
10.0,49.6,130
10.0,49.5,288
10.0,49.0,1208
10.0,48.7,29
10.0,48.4,1679
10.0,48.2802,2944
10.0,48.2,34
10.0,47.0,2779
10.0,46.6,39
10.0,46.5,32
10.0,46.4,113
10.0,46.3,74
10.0,46.2,31
10.0,535.0,11
10.0,52.9,55
10.0,52.8,3
10.0,52.786351999999994,361
10.0,52.7,16
10.0,52.6,272
10.0,48.1,17
10.0,48.0,5816
10.0,47.8,20
10.0,47.6,188
10.0,47.5,8
10.0,47.47553,35
10.0,47.4,68
10.0,47.3,896
10.0,47.1,46
10.0,51.4,475
10.0,51.3,63
10.0,54.71756,300
10.0,54.6,45
10.0,54.5,212
10.0,54.4,1046
10.0,54.073824,26
10.0,50.6,62
10.0,50.4,510
10.0,50.3,46
10.0,50.2,16
10.0,50.1,6
10.0,50.0,129875
10.0,49.88954,201
10.0,49.8,1681
10.0,49.7,29
10.0,53.1,185
10.0,53.0,3686
10.0,56.9,19
10.0,56.8,268
10.0,56.5,245
10.0,56.4,84
10.0,56.3269,447
10.0,52.464484,107
10.0,52.4,227
10.0,52.3,26
10.0,52.1,170
10.0,52.0,7874
10.0,51.8,210
10.0,51.7,15
10.0,51.6,579
10.0,51.49888,101
10.0,55.0,13173
10.0,54.9,18
10.0,60.0,15421
10.0,59.8,6
10.0,59.7,506
10.0,59.5,54
10.0,59.22371199999999,675
10.0,54.0,3066
10.0,53.91289,52
10.0,53.9,57
10.0,53.8,31
10.0,53.7,308
10.0,53.4,29
10.0,53.269154,146
10.0,53.2,66
10.0,53.10822,651
10.0,57.3,116
10.0,57.0,4833
10.0,63.5,226
10.0,63.3,3560
10.0,63.0,2406
10.0,62.76426,45
10.0,62.3,29
10.0,56.3,82
10.0,56.0,7780
10.0,55.8,105
10.0,55.683164000000005,106
10.0,55.6,604
10.0,55.5,121
10.0,55.4,29
10.0,55.3,80
10.0,55.1,29
10.0,60.3,19
10.0,60.2,143
10.0,66.7,30
10.0,66.3,499
10.0,66.0,5810
10.0,65.8,213
10.0,65.7,501
10.0,59.0,382
10.0,58.4,63
10.0,58.1,134
10.0,58.0,2588
10.0,57.93624,59
10.0,57.8,309
10.0,57.7,451
10.0,57.614371999999996,11
10.0,57.4,41
10.0,63.8,375
10.0,63.6,1575
10.0,69.6,29
10.0,69.3,11
10.0,69.20162,173
10.0,69.040686,114
10.0,69.0,1464
10.0,62.0,2237
10.0,61.7,44
10.0,61.3,47
10.0,61.2,393
10.0,61.15492,1140
10.0,61.0,2181
10.0,60.9,105
10.0,60.7,134
10.0,60.5,29
10.0,67.0,3900
10.0,66.9,23
10.0,73.0,6705
10.0,72.5,11
10.0,72.4203,487
10.0,72.0,6806
10.0,71.8,1248
10.0,65.6,16
10.0,65.5,35
10.0,65.0,7687
10.0,64.6,1908
10.0,64.5,407
10.0,64.4,62
10.0,64.3736,847
10.0,64.2,152
10.0,64.0,2849
10.0,70.0,7485
10.0,69.7,34
10.0,77.8,463
10.0,77.6,5
10.0,77.3,29
10.0,77.24832,303
10.0,77.0,347
10.0,68.8,47
10.0,68.6,144
10.0,68.4,205
10.0,68.0,2300
10.0,67.9,98
10.0,67.59228,51
10.0,67.5,42
10.0,67.4,34
10.0,67.3,46
10.0,74.0,1712
10.0,73.9,408
10.0,81.5,40
10.0,81.432604,126
10.0,81.4,19
10.0,81.110736,236
10.0,81.0,257
10.0,71.5,12602
10.0,71.4,43
10.0,71.3,29
10.0,71.2,15
10.0,71.0,1500
10.0,70.8,642
10.0,70.7,337
10.0,70.5,131
10.0,70.4,67
10.0,78.0,2821
10.0,77.9,34
10.0,84.49035,50
10.0,84.329416,456
10.0,84.0,392
10.0,83.68568,266
10.0,83.1,172
10.0,76.9,8
10.0,76.4,73
10.0,76.1,439
10.0,76.0,4359
10.0,75.63898,189
10.0,75.5,1467
10.0,75.0,4613
10.0,74.5,217
10.0,74.1,81
10.0,81.7,26
10.0,81.6,23
10.0,88.0,259
10.0,87.6,31
10.0,87.1,198
10.0,87.0,339
10.0,86.90436,89
10.0,80.6,1943
10.0,80.5,264
10.0,80.467,22336
10.0,80.0,6323
10.0,79.8,14
10.0,79.7,6
10.0,79.3,2
10.0,79.0,524
10.0,78.7,275
10.0,84.7,595
10.0,84.5,460
10.0,94.0,1057
10.0,93.1,9
10.0,93.0,530
10.0,92.8,767
10.0,92.6,555
10.0,83.0,548
10.0,82.88101,23
10.0,82.72007599999999,51
10.0,82.7,271
10.0,82.3,300
10.0,82.1,29
10.0,82.07634,9
10.0,82.0,1244
10.0,81.915406,9
10.0,88.5137,363
10.0,88.5,429
10.0,101.0,3894
10.0,100.5,790
10.0,100.4,192
10.0,100.3,4
10.0,100.0,73369
10.0,86.5,182
10.0,86.0,387
10.0,85.9,57
10.0,85.6,47
10.0,85.4,48
10.0,85.29502,68
10.0,85.2,24
10.0,85.0,1682
10.0,84.8,20
10.0,94.4,269
10.0,94.3,33
10.0,106.5,698
10.0,106.0,1797
10.0,105.9,41
10.0,105.5,175
10.0,105.0,3468
10.0,92.2,527
10.0,92.0,248
10.0,91.0,257
10.0,90.444908,42
10.0,90.12304,319
10.0,90.0,2362
10.0,89.3,315
10.0,88.8,60
10.0,88.6,45
10.0,101.6,116
10.0,101.2,101
10.0,113.8,7
10.0,113.0,166
10.0,112.7,2
10.0,112.1,25
10.0,112.0,2227
10.0,99.0,352
10.0,98.2,59
10.0,98.0,194
10.0,97.4,68
10.0,97.0,733
10.0,96.5604,400
10.0,96.5,37
10.0,96.0,216
10.0,95.0,11
10.0,107.82578,16
10.0,107.0,93
10.0,123.0,717
10.0,122.0,200
10.0,121.8,70
10.0,120.7005,233
10.0,120.0,1382
10.0,104.0,1446
10.0,103.6,60
10.0,103.5,564
10.0,103.0,963
10.0,102.9,57
10.0,102.8,88
10.0,102.6,164
10.0,102.1,105
10.0,102.0,1585
10.0,114.3,152
10.0,114.0,60
10.0,137.0,122
10.0,136.0,90
10.0,135.0,73
10.0,133.57522,11
10.0,133.0,32
10.0,111.2,24
10.0,111.0,3556
10.0,110.6,41
10.0,110.0,3573
10.0,109.0,836
10.0,108.6,50
10.0,108.5,615
10.0,108.3,165
10.0,108.0,1699
10.0,125.0,2144
10.0,124.0,177
10.0,155.0,220
10.0,154.0,16
10.0,153.69197,13
10.0,151.0,29
10.0,150.0,1856
10.0,119.3,613
10.0,119.0,437
10.0,118.7,95
10.0,118.0,651
10.0,117.0,498
10.0,116.0,780
10.0,115.87248,72
10.0,115.0,886
10.0,114.42407399999999,12
10.0,139.0,5
10.0,138.5,5
10.0,164.0,93
10.0,163.50894399999999,38
10.0,163.5,725
10.0,162.0,249
10.0,161.8,1691
10.0,132.9,103
10.0,131.3,164
10.0,131.0,21
10.0,130.0,1682
10.0,128.0,16
10.0,127.6,35
10.0,127.2,7
10.0,127.0,34
10.0,126.8,16
10.0,156.0,22
10.0,155.4,66
10.0,175.0,60
10.0,174.0,229
10.0,173.0,257
10.0,172.0,1040
10.0,171.0,2
10.0,148.0,2174
10.0,147.0,178
10.0,146.0,399
10.0,145.484336,5
10.0,144.8406,17
10.0,143.0,4
10.0,142.0,520
10.0,141.0,2
10.0,140.0,1705
10.0,164.95735,18
10.0,164.15268,129
10.0,207.0,10
10.0,201.1675,21
10.0,200.0,275
10.0,193.1208,49
10.0,190.0,11
10.0,161.7,8
10.0,161.0,410
10.0,160.934,14656
10.0,160.0,1924
10.0,159.8,203
10.0,159.6,15
10.0,158.9,71
10.0,158.1,50
10.0,158.0,99
10.0,177.0274,51
10.0,176.0,32
10.0,240.0,71
10.0,237.0,46
10.0,235.0,8
10.0,234.0,364
10.0,232.0,27
10.0,170.0,1173
10.0,169.0,158
10.0,168.9807,1
10.0,168.0,202
10.0,167.0,2464
10.0,166.0,1699
10.0,165.76202,355
10.0,165.7,3316
10.0,165.0,1581
10.0,216.0,114
10.0,215.0,30
10.0,316.0,14
10.0,311.0,2
10.0,294.0,21
10.0,287.0,3
10.0,273.5878,134
10.0,187.0,71
10.0,186.0,10
10.0,185.0,27
10.0,182.0,2
10.0,181.533552,14
10.0,181.0,138
10.0,180.0,384
10.0,179.0,35
10.0,178.0,9
10.0,245.0,2
10.0,241.401,15
10.0,400.0,50
10.0,392.0,30
10.0,383.02292,646
10.0,359.0,25
10.0,357.0,19
10.0,230.0,102
10.0,225.3076,2
10.0,223.0,42
10.0,222.0,118
10.0,221.0,59
10.0,220.0,80
10.0,218.22650399999998,12
10.0,218.0,7
10.0,217.2609,12
10.0,320.0,87
10.0,317.0,11
10.0,1008.0,4
10.0,1001.0,13
10.0,1000.0,13
10.0,661.0,20
10.0,612.0,6
10.0,265.5411,7
10.0,262.32242,6
10.0,260.0,7
10.0,256.0,15
10.0,254.0,62
10.0,250.0,1429
10.0,247.0,16
10.0,246.0,290
10.0,245.3,142
10.0,430.0,20
10.0,402.335,19
10.0,51.1,284
10.0,51.0,4902
10.0,50.9,31
10.0,50.7,56
10.0,50.69,56
10.0,45.8,50
10.0,45.7,1
10.0,45.6,1002
10.0,45.5,13
10.0,45.4,20
10.0,45.383388,134
10.0,45.3,61
10.0,45.2,365
10.0,4175.0,29
10.0,2500.0,2
10.0,1609.34,11
10.0,540.0,2
10.0,572.0,4
10.0,582.0,5
10.0,1500.0,16
10.0,39.0,29
10.0,44.4,38
10.0,45.0,8728
10.0,45.06152,153
10.0,45.1,217
10.0,46.0,5313
11.0,544.0,19
11.0,675.9228,1
11.0,850.0,6
11.0,870.0,28
11.0,1000.0,9
11.0,1040.0,10
11.0,235.0,25
11.0,168.0,778
11.0,168.9807,18
11.0,169.0,302
11.0,169.946304,81
11.0,170.0,168
11.0,170.268172,1
11.0,172.0,157
11.0,173.00405,3
11.0,265.5411,9
11.0,240.0,43
11.0,241.401,19
11.0,246.0,6
11.0,250.0,944
11.0,252.0,36
11.0,307.0,18
11.0,311.0,112
11.0,320.0,88
11.0,321.868,38
11.0,325.08668,9
11.0,1609.34,5
11.0,49.0,915
11.0,49.5,7
11.0,49.6,96
11.0,49.8,14
11.0,490.0,67
11.0,53.1,473
11.0,53.10822,1793
11.0,53.3,179
11.0,53.8,239
11.0,53.91289,62
11.0,54.0,583
11.0,50.0,75443
11.0,45.0,4390
11.0,45.06152,2436
11.0,45.1,11
11.0,45.18,8
11.0,50.8,127
11.0,51.0,874
11.0,51.016078,177
11.0,51.4,376
11.0,51.49888,80
11.0,56.3269,487
11.0,56.4,48
11.0,56.5,24
11.0,56.6,63
11.0,56.7,893
11.0,56.809701999999994,122
11.0,52.0,4619
11.0,47.4,2055
11.0,47.5,7
11.0,47.7,16
11.0,47.8,110
11.0,48.0,1982
11.0,48.2,314
11.0,48.2802,918
11.0,48.4,27
11.0,53.0,1282
11.0,59.2,109
11.0,60.0,9879
11.0,60.6,274
11.0,60.9,13
11.0,61.0,855
11.0,61.1,262
11.0,54.556625999999994,22
11.0,50.1,877
11.0,50.2,110
11.0,50.211408,330
11.0,50.3,45
11.0,50.4,105
11.0,50.5,45
11.0,50.533276,39
11.0,50.6,17
11.0,56.2,60
11.0,63.8,385
11.0,64.0,730
11.0,64.2,140
11.0,64.3736,533
11.0,65.0,5297
11.0,65.5,67
11.0,57.0,619
11.0,52.1,100
11.0,52.2,415
11.0,52.3,45
11.0,52.4,69
11.0,52.5,255
11.0,52.6,62
11.0,52.786351999999994,278
11.0,52.8,57
11.0,59.0,211
11.0,69.6,401
11.0,70.0,4215
11.0,70.00628999999999,2
11.0,70.81096,10
11.0,71.0,1540
11.0,71.5,466
11.0,61.3,77
11.0,54.71756,458
11.0,55.0,5805
11.0,55.039428,252
11.0,55.3,97
11.0,55.6,90
11.0,55.7,662
11.0,55.9,95
11.0,56.0,1561
11.0,63.5,42
11.0,75.0,3309
11.0,75.4,39
11.0,75.799914,80
11.0,76.0,5950
11.0,77.0,4417
11.0,78.0,354
11.0,66.0,834
11.0,57.614371999999996,17
11.0,57.7,814
11.0,57.9,232
11.0,58.0,694
11.0,58.3,90
11.0,58.7,40
11.0,58.74091,81
11.0,58.901844000000004,108
11.0,69.20162,16
11.0,83.68568,18
11.0,84.0,306
11.0,84.2,104
11.0,84.329416,61
11.0,84.7,81
11.0,85.0,1341
11.0,72.0,255
11.0,61.8,6
11.0,62.0,185
11.0,62.28145800000001,70
11.0,62.5,127
11.0,62.7,26
11.0,62.9,326
11.0,63.0,915
11.0,63.3,157
11.0,74.9,130
11.0,88.6,72
11.0,89.0,82
11.0,90.0,362
11.0,90.12304,18
11.0,91.0,161
11.0,92.0,79
11.0,79.82326400000001,215
11.0,66.4,125
11.0,66.5,43
11.0,66.78761,49
11.0,67.0,1684
11.0,68.0,724
11.0,68.39695,84
11.0,68.7,179
11.0,69.0,2739
11.0,83.0,25
11.0,100.8,23
11.0,101.0,712
11.0,101.066552,8
11.0,101.3,75
11.0,101.4,34
11.0,101.6,190
11.0,85.29502,91
11.0,72.2,61
11.0,72.4203,1059
11.0,72.5,41
11.0,73.0,1034
11.0,74.0,450
11.0,74.02964,98
11.0,74.6,64
11.0,74.7,395
11.0,88.5137,133
11.0,105.5,131
11.0,106.0,1410
11.0,106.5,109
11.0,107.0,147
11.0,108.0,284
11.0,108.7,313
11.0,93.0,186
11.0,79.9,145
11.0,80.0,2944
11.0,80.467,29031
11.0,80.6,302
11.0,81.0,10
11.0,81.5,41
11.0,81.915406,10
11.0,82.0,440
11.0,100.2,7
11.0,119.0,128
11.0,119.09116,68
11.0,120.0,643
11.0,120.7005,67
11.0,120.8,67
11.0,123.3,170
11.0,101.9,34
11.0,85.5,19
11.0,85.938756,26
11.0,86.0,186
11.0,86.6,356
11.0,86.90436,20
11.0,87.0,28
11.0,88.0,197
11.0,88.5,133
11.0,105.0,1005
11.0,140.5,18
11.0,142.0,70
11.0,144.0,10
11.0,145.0,185
11.0,148.0,61
11.0,150.0,52
11.0,109.0,59
11.0,94.0,419
11.0,95.4,9
11.0,96.5604,111
11.0,97.686938,43
11.0,97.7,411
11.0,98.8,37
11.0,99.0,154
11.0,100.0,33406
11.0,118.0,57
11.0,163.3,16
11.0,164.0,101
11.0,165.0,2
11.0,166.0,76
11.0,167.0,40
11.0,167.37136,26
11.0,123.91918,4
11.0,102.0,844
11.0,102.032156,33
11.0,102.5,283
11.0,102.6,22
11.0,103.0,1341
11.0,103.8,12
11.0,104.0,617
11.0,104.5,117
11.0,140.0,194
11.0,175.0,161
11.0,177.7,31
11.0,180.0,23
11.0,185.0,13
11.0,186.0,9
11.0,190.0,19
11.0,152.0,177
11.0,109.43512,17
11.0,110.0,908
11.0,110.9,16
11.0,113.0,49
11.0,114.0,93
11.0,115.0,472
11.0,115.87248,1
11.0,116.0,131
11.0,162.865208,46
11.0,217.2609,35
11.0,220.0,13
11.0,222.0,47
11.0,225.3076,13
11.0,226.0,60
11.0,230.0,24
11.0,167.7,19
11.0,124.0,82
11.0,124.3,230
11.0,125.0,1603
11.0,128.0,136
11.0,128.7472,114
11.0,130.0,690
11.0,135.18456,905
11.0,136.7939,78
11.0,174.0,36
11.0,270.0,23
11.0,272.0,28
11.0,273.0,130
11.0,276.0,31
11.0,277.5,5
11.0,300.0,30
11.0,191.0,3
11.0,155.0,9
11.0,159.0,4
11.0,160.0,187
11.0,160.934,8874
11.0,161.0,64
11.0,161.2,10
11.0,161.8,112
11.0,162.54334,124
11.0,217.0,20
11.0,51.5,54
11.0,51.7,167
11.0,47.2,83
11.0,45.5,126
11.0,46.0,4691
11.0,46.2,14
11.0,46.5,6
11.0,46.67086,97
11.0,46.7,96
11.0,47.0,422
11.0,48.5,1196
11.0,48.763002,189
11.0,333.0,90
11.0,338.0,3
11.0,400.0,53
11.0,1200.0,8
11.0,216.0,29
11.0,213.0,12
11.0,212.0,16
11.0,210.8,1
11.0,205.0,4
11.0,201.1675,8
11.0,201.0,21
11.0,200.0,275
11.0,303.0,24
11.0,260.0,20
11.0,255.08039,1
11.0,252.66638,2
11.0,49.88954,37
12.0,130.9,197
12.0,131.0,5
12.0,133.0,535
12.0,213.0,10
12.0,220.0,227
12.0,222.0,35
12.0,226.0,36
12.0,230.0,11
12.0,233.3543,19
12.0,235.0,1
12.0,140.0,31
12.0,106.7,3
12.0,107.0,192
12.0,108.0,191
12.0,108.1,53
12.0,110.0,851
12.0,242.0,222
12.0,257.4944,45
12.0,263.93176,12
12.0,273.0,4
12.0,275.0,5
12.0,140.5,10
12.0,140.8,50
12.0,144.0,164
12.0,145.0,66
12.0,147.0,1
12.0,150.0,162
12.0,151.0,148
12.0,152.0,3
12.0,300.0,65
12.0,321.868,63
12.0,130.0,296
12.0,45.8,787
12.0,46.0,2267
12.0,47.0,557
12.0,47.4,5
12.0,47.5,4
12.0,47.6,41
12.0,47.797398,12
12.0,50.74,164
12.0,51.0,402
12.0,51.1,129
12.0,51.49888,381
12.0,51.6,129
12.0,52.0,2091
12.0,52.4,946
12.0,45.5,115
12.0,45.6,23
12.0,45.7,9
12.0,54.073824,415
12.0,54.5,52
12.0,54.6,6
12.0,55.0,4764
12.0,55.5,82
12.0,55.6,12
12.0,55.683164000000005,100
12.0,48.0,1057
12.0,50.3,38
12.0,50.5,383
12.0,50.6,14
12.0,59.22371199999999,138
12.0,59.5,16
12.0,60.0,9266
12.0,60.9,77
12.0,61.0,1289
12.0,61.15492,248
12.0,61.3,93
12.0,52.5,41
12.0,45.0,4136
12.0,45.1,12
12.0,45.2,17
12.0,45.3,158
12.0,53.6,19
12.0,53.7,7
12.0,54.0,3882
12.0,64.5,1054
12.0,65.0,2889
12.0,66.0,2013
12.0,67.0,578
12.0,67.5,9
12.0,67.59228,56
12.0,68.0,9492
12.0,56.0,90
12.0,48.2802,185
12.0,48.5,75
12.0,48.9,344
12.0,49.0,823
12.0,50.0,63360
12.0,58.0,2007
12.0,58.8,110
12.0,59.0,1036
12.0,72.0,14068
12.0,72.2,3
12.0,72.4203,213
12.0,72.5,147
12.0,73.0,330
12.0,73.064036,122
12.0,73.22497,189
12.0,61.5,86
12.0,52.8,120
12.0,52.9,4
12.0,53.0,3335
12.0,53.10822,96
12.0,53.591021999999995,281
12.0,64.0,1818
12.0,64.2,11
12.0,64.3736,1923
12.0,80.0,1088
12.0,80.467,11615
12.0,80.9,73
12.0,81.0,5367
12.0,81.27167,33
12.0,82.0,1024
12.0,82.8,27
12.0,69.0,9764
12.0,56.3269,78
12.0,56.5,42
12.0,56.8,44
12.0,57.0,45
12.0,57.93624,63
12.0,71.4,383
12.0,71.6,45
12.0,71.7,3800
12.0,87.0,118
12.0,88.0,8
12.0,88.5,109
12.0,88.5137,408
12.0,90.0,485
12.0,90.9,320
12.0,91.0,1
12.0,74.02964,168
12.0,61.8,142
12.0,62.0,1321
12.0,63.0,986
12.0,63.3,99
12.0,63.6,65
12.0,77.0,165
12.0,78.0,5343
12.0,79.0,91
12.0,104.0,356
12.0,104.5,72
12.0,105.0,826
12.0,105.5,67
12.0,105.6,99
12.0,106.0,411
12.0,106.5,135
12.0,83.0,221
12.0,69.1,581
12.0,69.20162,71
12.0,70.0,6396
12.0,70.81096,41
12.0,71.0,166
12.0,85.6,1
12.0,86.0,89
12.0,86.90436,23
12.0,114.0,3
12.0,115.0,477
12.0,117.0,139
12.0,117.6,38
12.0,120.0,152
12.0,120.6,50
12.0,120.7005,36
12.0,94.5,40
12.0,74.512442,58
12.0,75.0,10183
12.0,76.0,385
12.0,76.6,48
12.0,76.8,284
12.0,102.0,87
12.0,103.0,40
12.0,103.2,143
12.0,133.4,20
12.0,133.57522,42
12.0,134.0,225
12.0,135.0,190
12.0,136.0,4
12.0,137.0,213
12.0,139.0,23
12.0,106.6,18
12.0,84.0,1275
12.0,84.3,147
12.0,84.5,17
12.0,84.6,6
12.0,85.0,460
12.0,110.1,92
12.0,111.0,116
12.0,111.1,172
12.0,155.8,72
12.0,156.0,190
12.0,160.0,374
12.0,160.934,4288
12.0,161.0,268
12.0,162.0,149
12.0,162.1,11
12.0,120.8,66
12.0,96.5604,113
12.0,97.0,18
12.0,100.0,14214
12.0,101.0,294
12.0,101.1,5
12.0,370.1482,9
12.0,164.9,7
12.0,167.5,80
12.0,168.0,310
12.0,168.9807,7
12.0,170.0,153
12.0,185.0,24
12.0,200.0,117
12.0,211.0,47
12.0,240.0,183
12.0,241.401,8
12.0,128.7472,100
12.0,127.0,167
12.0,125.0,332
12.0,122.0,98
12.0,277.0,8
12.0,418.4284,5
12.0,430.0,2
12.0,1000.0,15
12.0,1609.34,1
12.0,162.54334,65
12.0,333.0,95
